node_id,tipo,etiqueta,grado,videos_unicos,comentarios,canales_unicos,visualizaciones,grado_centr,betweenness,closeness,pagerank
autor::UC-HeUTT6_g-VoiWds2a4H-w,autor,@JorgeMunoz-gd9et,1,1.0,1,1.0,,0.0029,0.0,0.1326,0.0015
autor::UC-Iul5tDYH_oiAMXQH-KaaQ,autor,@AlbertoMancilla-p9h,1,1.0,1,1.0,,0.0029,0.0,0.1326,0.0015
autor::UC-QOpE7GOxlXcHZ8b7HbQKA,autor,@mariaalexander427,1,1.0,2,1.0,,0.0029,0.0,0.0264,0.0016
autor::UC-fiZBS5Gp1eCJd9ucgWnCg,autor,@Tommii.10,1,1.0,1,1.0,,0.0029,0.0,0.1742,0.0015
autor::UC-hfX8J5JPJ-dfuakzegMLA,autor,@normaleticiaorozcojuarez2418,1,1.0,1,1.0,,0.0029,0.0,0.2219,0.0015
autor::UC-jS_kA9w-OmpupXDx156Rg,autor,@simoncreyesc7579,1,1.0,1,1.0,,0.0029,0.0,0.2219,0.0015
autor::UC-pNP6RMFuLg_-x7Ah_0kEA,autor,@almacatalan2717,1,1.0,1,1.0,,0.0029,0.0,0.2219,0.0015
autor::UC094EFEmMSdwVa8NQjjYBXg,autor,@CelestinoQuej-j7k,1,1.0,1,1.0,,0.0029,0.0,0.1461,0.0016
autor::UC0HvfEWozTHbwl_iEmJNvVA,autor,@OttoPalencia-b7r,1,1.0,1,1.0,,0.0029,0.0,0.1326,0.0015
autor::UC0RpuMwkDKJYqgKHtsJRuWQ,autor,@sabinamarinaguerra3248,1,1.0,1,1.0,,0.0029,0.0,0.0364,0.0016
autor::UC0aEyakBPqcBkVJiErfSupQ,autor,@jhonymanuel9891,1,1.0,1,1.0,,0.0029,0.0,0.0364,0.0016
autor::UC14qlobYKqD-DO0j6b75lcA,autor,@megavision4488,1,1.0,1,1.0,,0.0029,0.0,0.1326,0.0015
autor::UC1DpqK6vaPEkBOMNvypsKYg,autor,@HectorCarranza-u4j4o,1,1.0,1,1.0,,0.0029,0.0,0.1742,0.0015
autor::UC1NiEdJ7gk6FlDexIalWnGg,autor,@BorisTebalán,1,1.0,1,1.0,,0.0029,0.0,0.1326,0.0015
autor::UC1WlJfQmaIskYhP4gmWoamw,autor,@marthareiss5434,1,1.0,1,1.0,,0.0029,0.0,0.0264,0.0016
autor::UC1Y7x3h0c95Z8kUhi-Tzaeg,autor,@rosadiaz9235,1,1.0,1,1.0,,0.0029,0.0,0.1706,0.0015
autor::UC1vr9aaMI2crB0NvwFHUeoQ,autor,@JoseSimilox-p6e,1,1.0,1,1.0,,0.0029,0.0,0.2219,0.0015
autor::UC2Y_EHWQKevubk4vOEBBFxw,autor,@alfonsomorales2653,1,1.0,1,1.0,,0.0029,0.0,0.2219,0.0015
autor::UC2ngpd8UBQu4gcUYy0goAtg,autor,@juliohernandez7438,1,1.0,1,1.0,,0.0029,0.0,0.1023,0.0016
autor::UC2weSE8rpqkGMOp6StYtVfg,autor,@katerynsantiago2907,1,1.0,1,1.0,,0.0029,0.0,0.2219,0.0015
autor::UC32oozucwCF3q8d4m8fyOUg,autor,@RauldejesusOlivagonzalez,1,1.0,1,1.0,,0.0029,0.0,0.1742,0.0015
autor::UC3E9mAgP7VoAE5mZoAexl5g,autor,@EnnioAroche,1,1.0,1,1.0,,0.0029,0.0,0.2219,0.0015
autor::UC3MYTqpQqlWBuCB7Th0e0PA,autor,@isaaclopez7220,1,1.0,1,1.0,,0.0029,0.0,0.2219,0.0015
autor::UC3NMzdMYryaw82kPTnsaljg,autor,@marisosa7832,1,1.0,1,1.0,,0.0029,0.0,0.2219,0.0015
autor::UC3UVO7pTbeYvZ3ILEyRDskQ,autor,@rosaelenaargueta79,1,1.0,1,1.0,,0.0029,0.0,0.1742,0.0015
autor::UC3XTwHxygNCgjndsg-UiCQA,autor,@marioajset4283,1,1.0,3,1.0,,0.0029,0.0,0.2219,0.0015
autor::UC3YpzAr7pcdKC7BVFEpYzog,autor,@carmenfigueroa1232,1,1.0,1,1.0,,0.0029,0.0,0.1326,0.0015
autor::UC3iIU62XKUOWuqL8BqBzj9A,autor,@antonioduarte2288,1,1.0,1,1.0,,0.0029,0.0,0.1461,0.0016
autor::UC3qn1yJA5PeW9rkGPatQxiw,autor,@VICTOREST19,1,1.0,1,1.0,,0.0029,0.0,0.2219,0.0015
autor::UC4Avya4kmR4Q0FrfFdBozSQ,autor,@davidlima1348,1,1.0,1,1.0,,0.0029,0.0,0.1742,0.0015
autor::UC4cXueR2bKGFJV0Fk76gwmA,autor,@aluxdel4792,1,1.0,1,1.0,,0.0029,0.0,0.2219,0.0015
autor::UC4kg7zuTfqQKLd2bkZrSYBA,autor,@zoilagarcia9019,1,1.0,1,1.0,,0.0029,0.0,0.1238,0.0016
autor::UC4wq3DcbfaG6dtCqn8Oyu3w,autor,@hugoasencio7764,1,1.0,1,1.0,,0.0029,0.0,0.2219,0.0015
autor::UC5H8ASmMC9WrURmzeB4ySog,autor,@ManuelEdran,1,1.0,5,1.0,,0.0029,0.0,0.2219,0.0015
autor::UC5PrBbmUlQolwqmiru7yZhw,autor,@lazarochavez8269,1,1.0,1,1.0,,0.0029,0.0,0.1461,0.0016
autor::UC5PyGvSfFM--OVKmQ3COu6g,autor,@FreddyGmez,1,1.0,1,1.0,,0.0029,0.0,0.0364,0.0016
autor::UC5bG9nc_JV3FsNP2KseQiYw,autor,@giovannirodas4836,1,1.0,1,1.0,,0.0029,0.0,0.2219,0.0015
autor::UC5fvhAfm89JH8eDFdvc0xYw,autor,@isaidiaz2388,1,1.0,1,1.0,,0.0029,0.0,0.0364,0.0016
autor::UC5hvEnRUzI4Kfvwnyi4QxqQ,autor,@leonelsantizo5281,1,1.0,1,1.0,,0.0029,0.0,0.1742,0.0015
autor::UC5wuDq3U3vRAhOQI3D7gNdw,autor,@allanreneramirezgonzalez534,1,1.0,1,1.0,,0.0029,0.0,0.1679,0.0015
autor::UC63tFvbQ_hJhGDi2nbjssjw,autor,@AbigailRodas-w2r,1,1.0,1,1.0,,0.0029,0.0,0.1326,0.0015
autor::UC650pRT-OYzny3GwOH8Cgfw,autor,@edvinparedesherrera7632,1,1.0,1,1.0,,0.0029,0.0,0.2219,0.0015
autor::UC6PvO1_k5lHKGdAPo5_C6TA,autor,@johnmejia992,1,1.0,1,1.0,,0.0029,0.0,0.2219,0.0015
autor::UC6Uj1FT5JjDSF8vudvDxPAA,autor,@alfredoortega9264,1,1.0,1,1.0,,0.0029,0.0,0.1742,0.0015
autor::UC6YSZqL0vEcI-niPKIMUGfw,autor,@maxwellsales885,1,1.0,1,1.0,,0.0029,0.0,0.2219,0.0015
autor::UC6xI_MOaxajIWpoP8BH6E_Q,autor,@jahirdiaz5862,1,1.0,1,1.0,,0.0029,0.0,0.0029,0.0028
autor::UC72gBAtyb_VXQlYDcFrh6oQ,autor,@osmanmorales3012,1,1.0,3,1.0,,0.0029,0.0,0.2219,0.0015
autor::UC7IMsCxfZyWN7YQo8-JYa6Q,autor,@Burgos68,1,1.0,2,1.0,,0.0029,0.0,0.1706,0.0015
autor::UC7VUuJr9cGh845CmTvf7TlQ,autor,@LuisCastillo-oz4df,1,1.0,1,1.0,,0.0029,0.0,0.2219,0.0015
autor::UC7dadZG7kkGYnsNu6td0FbA,autor,@lesolorzano,1,1.0,1,1.0,,0.0029,0.0,0.1742,0.0015
autor::UC816IGbFCZinfYS1LRDaaHg,autor,@ingenieroar,1,1.0,1,1.0,,0.0029,0.0,0.1742,0.0015
autor::UC8F2V63KZ4ZEay6opX2hAQw,autor,@carmenr6311,1,1.0,1,1.0,,0.0029,0.0,0.2219,0.0015
autor::UC8G5cJONY8L9voMyBW8Eoug,autor,@luisparedes-pw6qt,1,1.0,1,1.0,,0.0029,0.0,0.2219,0.0015
autor::UC8r11yOugM2NuRfitQOxLLg,autor,@cesaraugustomoralesmonroy6907,1,1.0,1,1.0,,0.0029,0.0,0.2219,0.0015
autor::UC8xlJWNHz1V_W6q3fbuQH8g,autor,@NormaLópez-v7e,1,1.0,1,1.0,,0.0029,0.0,0.1706,0.0015
autor::UC95PSMouTx2N5CbSq0hIyrQ,autor,@lisss1908,1,1.0,1,1.0,,0.0029,0.0,0.1742,0.0015
autor::UC9Wp6vL5oCU37qC3Aj94WZA,autor,@ManuelSanchez-b8q2z,1,1.0,1,1.0,,0.0029,0.0,0.1461,0.0016
autor::UC9vMq1YF-e7C-VO0SHkbUTA,autor,@ErvinLeonardoCarreraLatín,1,1.0,4,1.0,,0.0029,0.0,0.2219,0.0015
autor::UC9xr9QvIcDvoZNUX5f-jaZw,autor,@MariaaliciaColonmorales,1,1.0,1,1.0,,0.0029,0.0,0.2219,0.0015
autor::UCA93ym2TXs_Ibyxb4Vcn-6Q,autor,@oswaldosolis8728,1,1.0,1,1.0,,0.0029,0.0,0.2219,0.0015
autor::UCAKuKvcbfnBD3kF5njNu-IA,autor,@melvinlopez7096,1,1.0,1,1.0,,0.0029,0.0,0.1742,0.0015
autor::UCAV7QIjYhbDJaycQycM_0eQ,autor,@mariavail8998,1,1.0,1,1.0,,0.0029,0.0,0.1706,0.0015
autor::UCAlzM_N6xBlMYmM8EBzX86Q,autor,@carlossoto3252,1,1.0,1,1.0,,0.0029,0.0,0.2219,0.0015
autor::UCAmtbUiIrUIhikru0ZoTFig,autor,@Aura-vf6dm,1,1.0,1,1.0,,0.0029,0.0,0.2219,0.0015
autor::UCAxvOOHQk7dYPOajzFEVtbA,autor,@ruddydepaz322,1,1.0,2,1.0,,0.0029,0.0,0.1023,0.0016
autor::UCB5p8a5gklc80jJItP6xTHg,autor,@ernestogamboa8737,1,1.0,1,1.0,,0.0029,0.0,0.2219,0.0015
autor::UCBlm80VQ4YoV3bUJR_XhkaQ,autor,@rosadiaz6945,1,1.0,2,1.0,,0.0029,0.0,0.0264,0.0016
autor::UCBtB5dIyx-C16UN8ClUD2UA,autor,@alexmonzon4257,1,1.0,1,1.0,,0.0029,0.0,0.1238,0.0016
autor::UCCBYcToQ2dwkd6TJh0FSyDg,autor,@lidiarodriguez3493,1,1.0,1,1.0,,0.0029,0.0,0.1742,0.0015
autor::UCCUmP4PlbwgikVFpYwbtRTg,autor,@alhvi,1,1.0,1,1.0,,0.0029,0.0,0.1236,0.0015
autor::UCCaYwkkbQGcvFoUmothVdQQ,autor,@OsvaldoAguirre-l3i,1,1.0,1,1.0,,0.0029,0.0,0.2219,0.0015
autor::UCDIMztpVm7G27qBuiWuT6oQ,autor,@lizardomorataya8274,1,1.0,1,1.0,,0.0029,0.0,0.2219,0.0015
autor::UCDPWkUX3sNNaCx-m1dV4glA,autor,@hectoroliva949,1,1.0,1,1.0,,0.0029,0.0,0.2219,0.0015
autor::UCDQaQv0hr2SS_PO-CMEwVHg,autor,@federicosaquimux1933,1,1.0,1,1.0,,0.0029,0.0,0.2219,0.0015
autor::UCDUffaruH6dyUnUGwsTKpgg,autor,@luisletona2842,1,1.0,1,1.0,,0.0029,0.0,0.2219,0.0015
autor::UCDftMWXQoJ6nONfY7GVOVjg,autor,@luisgpacheco5858,1,1.0,1,1.0,,0.0029,0.0,0.2219,0.0015
autor::UCDlr1VadSucIZgZ171pRBjQ,autor,@cuabatzjj5924,1,1.0,1,1.0,,0.0029,0.0,0.2219,0.0015
autor::UCDrmf9y9nLgFY5wnA2hTuGA,autor,@laboratorio5528,1,1.0,1,1.0,,0.0029,0.0,0.1742,0.0015
autor::UCEHXl4VvvVpq-_4xC5tsbhg,autor,@anibalg47,1,1.0,1,1.0,,0.0029,0.0,0.1326,0.0015
autor::UCEgEQmRbtL5fwr9_DqAC--g,autor,@ArielRodas-g5y,1,1.0,1,1.0,,0.0029,0.0,0.2219,0.0015
autor::UCErZPJpHmLCsXs8ZWkAUupQ,autor,@dorisl.garciaroche7763,1,1.0,1,1.0,,0.0029,0.0,0.2219,0.0015
autor::UCFFrEmn6lPYiWyElpfzTy5Q,autor,@denilsonlopez4083,1,1.0,1,1.0,,0.0029,0.0,0.1238,0.0016
autor::UCFOxCyF926Y9eHhMeVoWLzw,autor,@arielsarc09,1,1.0,1,1.0,,0.0029,0.0,0.0364,0.0016
autor::UCFUuDARXdmmIrLppEqf-rFg,autor,@allanmunoz7410,1,1.0,1,1.0,,0.0029,0.0,0.2219,0.0015
autor::UCFhxtoeARHPnXXPcDrOU3Xg,autor,@diegoalejandrolopezmendez205,1,1.0,1,1.0,,0.0029,0.0,0.2219,0.0015
autor::UCFjudnPLoaSL1BaRuLahyHg,autor,@HaroldoCastillo-rh9iw,1,1.0,3,1.0,,0.0029,0.0,0.2219,0.0015
autor::UCFoIAE8k82D6AV-8gjjKaNg,autor,@eddymunoz9789,1,1.0,1,1.0,,0.0029,0.0,0.2219,0.0015
autor::UCFxE8GbokBrBsPEKM1xrOjQ,autor,@JuanDavila-qd7qj,1,1.0,1,1.0,,0.0029,0.0,0.2219,0.0015
autor::UCFybmWapGvBKcQod7cPPH9w,autor,@vitalianochavez8382,1,1.0,1,1.0,,0.0029,0.0,0.1326,0.0015
autor::UCGGHbtfbbe0o68etrOf0qxw,autor,@karensussetteleonvargas9794,1,1.0,1,1.0,,0.0029,0.0,0.1742,0.0015
autor::UCGX_UbAQOXGZknv5iqklwTA,autor,@ronaldgarcia8522,1,1.0,1,1.0,,0.0029,0.0,0.1706,0.0015
autor::UCGZMgmM92E3njyXNe9-kjAQ,autor,@pasionpornada,1,1.0,1,1.0,,0.0029,0.0,0.0264,0.0016
autor::UCGj2v6Gl5bN8NSrzJMXS-CA,autor,@juliogutierrez492,1,1.0,1,1.0,,0.0029,0.0,0.1223,0.0016
autor::UCGm3gRBEHGRJYmtCryZLtDw,autor,@JoséLopez-g6k,1,1.0,1,1.0,,0.0029,0.0,0.1461,0.0016
autor::UCGqKxQS-z3NZzZF-2w338AA,autor,@samuelaguilar529,1,1.0,1,1.0,,0.0029,0.0,0.0364,0.0016
autor::UCGzXwyCzMzGmjmCbH3Hg01Q,autor,@FidelZacarias-ph7dy,1,1.0,1,1.0,,0.0029,0.0,0.2219,0.0015
autor::UCHGd14aYuZZShLD73dkk6mg,autor,@noemiherrera3152,1,1.0,1,1.0,,0.0029,0.0,0.0051,0.002
autor::UCHMQ_lDhibZ-XZ_3fo6oxwg,autor,@crislexrubi4387,1,1.0,1,1.0,,0.0029,0.0,0.0364,0.0016
autor::UCHTGCgY2l-DQJIvlA_cpa_Q,autor,@virgiliogarcia3039,2,2.0,3,2.0,,0.0057,0.2316,0.2528,0.0027
autor::UCHbwIx9pmQuf7i-4_xO2EpA,autor,@caminoseternos752,1,1.0,1,1.0,,0.0029,0.0,0.1742,0.0015
autor::UCHhHUjaMAZ8SiXdCUCj9DkQ,autor,@fredymendez1786,1,1.0,2,1.0,,0.0029,0.0,0.2219,0.0015
autor::UCHu8x4MVkayU6VgwVKd--MQ,autor,@Hernandez-i1o,1,1.0,1,1.0,,0.0029,0.0,0.1461,0.0016
autor::UCIUhbSCy3-SGRe5UtqM4fzQ,autor,@jeanmorales1677,1,1.0,1,1.0,,0.0029,0.0,0.0364,0.0016
autor::UCIXLDYqR_syskKRJy_x9W9Q,autor,@carlitosramirez4739,1,1.0,1,1.0,,0.0029,0.0,0.1023,0.0016
autor::UCIgoiXdIKJyUGmUoH2Lxdzg,autor,@susievidal4134,1,1.0,1,1.0,,0.0029,0.0,0.0264,0.0016
autor::UCIp19h9igblA2YKfSLPDAug,autor,@JoseReyes-rn6sh,1,1.0,1,1.0,,0.0029,0.0,0.0364,0.0016
autor::UCJp3OrVYcBorC94sKwdch_A,autor,@ULJoshmg2011,1,1.0,1,1.0,,0.0029,0.0,0.1679,0.0015
autor::UCJxJC56BSAX-ArD0NAb9qnQ,autor,@alfonsowilian9157,1,1.0,1,1.0,,0.0029,0.0,0.0038,0.0022
autor::UCKDR0f2fu2UzWL8mBv5-BHw,autor,@mireyamorales6595,1,1.0,1,1.0,,0.0029,0.0,0.2219,0.0015
autor::UCKVzDUqbtdSMBcexaEtMmzQ,autor,@rotorairgroup8409,1,1.0,1,1.0,,0.0029,0.0,0.0065,0.0019
autor::UCL13XhnRzbGokEkCkEOb0-g,autor,@raquelprado3643,1,1.0,2,1.0,,0.0029,0.0,0.2219,0.0015
autor::UCL1MT278vSaQ83ZDkVWn1gw,autor,@elmorodriguez6978,1,1.0,1,1.0,,0.0029,0.0,0.2219,0.0015
autor::UCLFdHr9BEbXHkoJopbEPLZw,autor,@kanterra4584,1,1.0,2,1.0,,0.0029,0.0,0.2219,0.0015
autor::UCLXYp1Cvc5DLtq5UQL5D9vw,autor,@jorgecifuentes-m5g,1,1.0,1,1.0,,0.0029,0.0,0.1023,0.0016
autor::UCLggDc_a5HriXv7I1h02sOA,autor,@guillermogonzalez5153,1,1.0,2,1.0,,0.0029,0.0,0.2219,0.0015
autor::UCLh1Kde4_vI1sTZBkTNP7RQ,autor,@JoelReynoso-d4r,1,1.0,1,1.0,,0.0029,0.0,0.1238,0.0016
autor::UCN2N_wYOw6fMwCeSzdXLPIw,autor,@danielantoniogonzalezflore4901,1,1.0,1,1.0,,0.0029,0.0,0.1706,0.0015
autor::UCN6qbfPSzFtjhqUDZ3Cv3CQ,autor,@carlosmedranovelasquez6380,1,1.0,1,1.0,,0.0029,0.0,0.2219,0.0015
autor::UCNBnKqWf4d-rS4HwJRQljmQ,autor,@LE_A22,1,1.0,2,1.0,,0.0029,0.0,0.2219,0.0015
autor::UCNIeXbV_mEwpa412h1aqUWw,autor,@juandeleon9060,1,1.0,3,1.0,,0.0029,0.0,0.1706,0.0015
autor::UCNiMNUJvaRJb0_QLClqwVnA,autor,@Santiago.Nolasco,1,1.0,1,1.0,,0.0029,0.0,0.0065,0.0019
autor::UCNkcuy42zEwddwEcOd_HpnA,autor,@vanigomez492,1,1.0,1,1.0,,0.0029,0.0,0.2219,0.0015
autor::UCNpt5CQlTzNjlAKY6CJtClQ,autor,@eustaquiogomez9975,1,1.0,1,1.0,,0.0029,0.0,0.1742,0.0015
autor::UCO0zwwLWGyDgQmWPJ5Qrr1w,autor,@elsalvador3605,1,1.0,1,1.0,,0.0029,0.0,0.1023,0.0016
autor::UCOARn3hnfkB7-_Rwa8Hoqcw,autor,@nicelol5241,1,1.0,1,1.0,,0.0029,0.0,0.1223,0.0016
autor::UCOLGv5Pf6BF2wFcwUzgcvHg,autor,@welfrealdana5559,1,1.0,2,1.0,,0.0029,0.0,0.2219,0.0015
autor::UCOLHH4ZpMxPYF-Q6e6wvn5A,autor,@luisroldan7374,1,1.0,1,1.0,,0.0029,0.0,0.0264,0.0016
autor::UCOS8ViEkccrTZx2w2ccxotA,autor,@OscarHernandez-q8y,1,1.0,1,1.0,,0.0029,0.0,0.2219,0.0015
autor::UCOY3XpD9qMCRSA8AA8c4CAw,autor,@franciscorodas9686,1,1.0,1,1.0,,0.0029,0.0,0.1236,0.0015
autor::UCOcUI5XkTYNMSFhZNMIPpGg,autor,@hendersonlopez3864,1,1.0,1,1.0,,0.0029,0.0,0.1742,0.0015
autor::UCOh6DaZC_x9HASnlRylEMfw,autor,@AndresMedina-v1s,1,1.0,1,1.0,,0.0029,0.0,0.2219,0.0015
autor::UCPLW0HE3siElqCgXfgWxMqg,autor,@elizabethmonterroso7719,1,1.0,1,1.0,,0.0029,0.0,0.0029,0.0028
autor::UCPNXmbOBVeC4HS-xemvcPtQ,autor,@BelkisRodriguezRamirez,1,1.0,1,1.0,,0.0029,0.0,0.0264,0.0016
autor::UCPZueDLrCS4BmTBRMA4q0fA,autor,@kevinochoa3695,1,1.0,1,1.0,,0.0029,0.0,0.1706,0.0015
autor::UCQIdKuZ-OzuFqy0KjGrgesg,autor,@lyacausa,1,1.0,1,1.0,,0.0029,0.0,0.0051,0.002
autor::UCQM2tCKRRytVDRxNUfCDqQQ,autor,@elioelias7267,1,1.0,1,1.0,,0.0029,0.0,0.0029,0.0028
autor::UCQMMuADgqWUOcJpLwHOzC-g,autor,@Ripped-Yoda,1,1.0,1,1.0,,0.0029,0.0,0.0264,0.0016
autor::UCQ_-LPP8JAbfkc-b1Q6NvWw,autor,@MegaKristenstewart,1,1.0,2,1.0,,0.0029,0.0,0.2219,0.0015
autor::UCQgYjVngJRfPHDLGB5X6ZjA,autor,@oscarnavas9996,1,1.0,1,1.0,,0.0029,0.0,0.2219,0.0015
autor::UCQqetiwzzmRNTM5OWuXarGQ,autor,@isaiaslopezvelasquez1539,1,1.0,1,1.0,,0.0029,0.0,0.2219,0.0015
autor::UCQqlPPUGqAfWjd-FSh_qn7Q,autor,@estuardoargueta137,1,1.0,1,1.0,,0.0029,0.0,0.1742,0.0015
autor::UCQtICyzWmhC5woCtbNgaSmg,autor,@nestormendez6216,1,1.0,2,1.0,,0.0029,0.0,0.2219,0.0015
autor::UCQtSFINs1h6GHkpg9o5kMvg,autor,@MacarioMartinezruiz,1,1.0,1,1.0,,0.0029,0.0,0.2219,0.0015
autor::UCQyOePccUP-fIJYzchAgZYw,autor,@aguilar4254,1,1.0,1,1.0,,0.0029,0.0,0.1742,0.0015
autor::UCRAquv8el-tQ30bN7MlmySQ,autor,@iamjimalesssa,1,1.0,1,1.0,,0.0029,0.0,0.1742,0.0015
autor::UCRETAiYdh2dL5ZxB0_N1zDA,autor,@Joseroland21,1,1.0,1,1.0,,0.0029,0.0,0.2219,0.0015
autor::UCRcSR3Lvn9DZAmJpVPANfZQ,autor,@WalksandSuch,1,1.0,1,1.0,,0.0029,0.0,0.0364,0.0016
autor::UCRelkU8JiZBytTzebJxaa-w,autor,@danyraymundo2942,1,1.0,1,1.0,,0.0029,0.0,0.2219,0.0015
autor::UCRfkkatKrNtAARnXMMYBGlA,autor,@BernerSoza-mg3vx,1,1.0,1,1.0,,0.0029,0.0,0.1326,0.0015
autor::UCRlCV9zSn7avAWh-9_XFWqQ,autor,@ronyarana8849,1,1.0,1,1.0,,0.0029,0.0,0.2219,0.0015
autor::UCRvPToDkkumha7WJAfCDk1A,autor,@ligiaguerra3057,1,1.0,1,1.0,,0.0029,0.0,0.1742,0.0015
autor::UCRznz9-N3Qc1w-qNdLSIY2Q,autor,@jimmygomez724,1,1.0,1,1.0,,0.0029,0.0,0.0364,0.0016
autor::UCSTAUWVc1_82DHYeqOsqEFA,autor,@TheAlexX_C,1,1.0,1,1.0,,0.0029,0.0,0.0364,0.0016
autor::UCSou6a2OuYGSvPjm5psquyA,autor,@FranciscoRivera-sf7ne,1,1.0,1,1.0,,0.0029,0.0,0.2219,0.0015
autor::UCTD6q1nyIe3Y7HhqjaMj72w,autor,@JuanChang-r6k,1,1.0,1,1.0,,0.0029,0.0,0.2219,0.0015
autor::UCTP3O0rMnc8z8v8jaDQwL0w,autor,@RobertoZelaya-x1v,1,1.0,1,1.0,,0.0029,0.0,0.2219,0.0015
autor::UCTTILH6QCIxbTnEWxwRqs1g,autor,@3762Jorge,1,1.0,1,1.0,,0.0029,0.0,0.1236,0.0015
autor::UCThW2XNsAaBKme5PUt7n-Zg,autor,@thelmamoran8565,1,1.0,1,1.0,,0.0029,0.0,0.2219,0.0015
autor::UCTwSut16JyAg3mX6LVUNGqA,autor,@SuperVictor2005,1,1.0,1,1.0,,0.0029,0.0,0.2219,0.0015
autor::UCTylKrsqkrBKIqubMu_5N0Q,autor,@edwingeovanymarroquinmarro6684,1,1.0,1,1.0,,0.0029,0.0,0.2219,0.0015
autor::UCUIIIPTVDVHAXqhC_5V6lPA,autor,@gorrarota,1,1.0,1,1.0,,0.0029,0.0,0.2219,0.0015
autor::UCUoYsrx1oZnCZ0usbBJn4fA,autor,@AnaDiaz-re9sq,1,1.0,1,1.0,,0.0029,0.0,0.1742,0.0015
autor::UCV0iizTBoOfdAFX_thfI9BA,autor,@BenjaminLarios-jd8nk,1,1.0,1,1.0,,0.0029,0.0,0.2219,0.0015
autor::UCV0lM03g5fg5pbPj97-sAtA,autor,@genarodelgado3929,1,1.0,1,1.0,,0.0029,0.0,0.1742,0.0015
autor::UCV3fr-YOixFKCZBbJP1-X4w,autor,@albertoshernandez5251,1,1.0,5,1.0,,0.0029,0.0,0.1326,0.0015
autor::UCVC2QugcI1G4RvlCiUqd1aQ,autor,@rwdm76,1,1.0,2,1.0,,0.0029,0.0,0.1679,0.0015
autor::UCVQf0tzL7xRzFJsABVVULpg,autor,@DennisseLopetegi,1,1.0,1,1.0,,0.0029,0.0,0.1706,0.0015
autor::UCVdjCrh4tQoX3haNAZv-n5A,autor,@aurahernandez5646,1,1.0,1,1.0,,0.0029,0.0,0.0264,0.0016
autor::UCVhif9eV0f8plICen2DnpKA,autor,@blogarteplus,1,1.0,1,1.0,,0.0029,0.0,0.1223,0.0016
autor::UCW-JC6lebVmf2P1dmY_L94g,autor,@dinoraoroxon5771,1,1.0,1,1.0,,0.0029,0.0,0.1742,0.0015
autor::UCW80DaMjQlEUibC98Cot-Dg,autor,@rogeraldana4289,1,1.0,1,1.0,,0.0029,0.0,0.1742,0.0015
autor::UCWIZUtKJ636y-4TYrNvok0g,autor,@cesarandreas7824,1,1.0,1,1.0,,0.0029,0.0,0.2219,0.0015
autor::UCWWkebAekppaL5b5CNlppuw,autor,@ninettmartinez425,1,1.0,1,1.0,,0.0029,0.0,0.0051,0.002
autor::UCWaRixDdpgllTBf4V0jPnKQ,autor,@hectormaaz5523,1,1.0,2,1.0,,0.0029,0.0,0.1326,0.0015
autor::UCWoAVGVqCn4xtINCMOTM4jg,autor,@OmarMartinez-vv8re,1,1.0,1,1.0,,0.0029,0.0,0.1742,0.0015
autor::UCWvntqPQx99k_Z_skWKqNSA,autor,@AntonioChiyal-x5s,1,1.0,1,1.0,,0.0029,0.0,0.1326,0.0015
autor::UCXN2s7DwTJm33xO-pNkAdaA,autor,@edithsan7688,1,1.0,1,1.0,,0.0029,0.0,0.1023,0.0016
autor::UCXO1BBohNWXkK9SBDAG2ySg,autor,@JBFlute92,1,1.0,1,1.0,,0.0029,0.0,0.1236,0.0015
autor::UCXSkL3ejZ8qWYyF_M7s_QKA,autor,@JacintaTzoy,1,1.0,1,1.0,,0.0029,0.0,0.2219,0.0015
autor::UCXVLc8CmAO813ubM-fLvCDw,autor,@herminiasaquimux7565,1,1.0,1,1.0,,0.0029,0.0,0.1236,0.0015
autor::UCXXh7yg5KUFIWylTiKVEFKQ,autor,@MrDuenderojo,1,1.0,2,1.0,,0.0029,0.0,0.2219,0.0015
autor::UCXgr7vXlRrsaskPdo097kGA,autor,@Rogergh-nw4oj,1,1.0,1,1.0,,0.0029,0.0,0.2219,0.0015
autor::UCXl30Y_upRqbti52fmjK4YA,autor,@capitanfrans,1,1.0,1,1.0,,0.0029,0.0,0.1236,0.0015
autor::UCXmrpc6Li0spcKxtS0Q_ptg,autor,@melvinperez6710,1,1.0,1,1.0,,0.0029,0.0,0.0364,0.0016
autor::UCXr8_5WtGeipe4haOoQDgyQ,autor,@amyherrera7352,1,1.0,1,1.0,,0.0029,0.0,0.2219,0.0015
autor::UCY7Hq7F9Lnucf-Yr6JkHZNw,autor,@maynorcalel1442,1,1.0,1,1.0,,0.0029,0.0,0.0364,0.0016
autor::UCYN4wSQ1Sx4_LurxLlW7MPg,autor,@belarminavillatoro6474,1,1.0,1,1.0,,0.0029,0.0,0.2219,0.0015
autor::UCYwpX26TrCxq8TvbKGRYLXA,autor,@beneficioelcaminovillacana8540,1,1.0,1,1.0,,0.0029,0.0,0.2219,0.0015
autor::UCZ51R_9Q9C0c8I3pAWhtmjQ,autor,@belvettzapeta1251,1,1.0,1,1.0,,0.0029,0.0,0.2219,0.0015
autor::UCZFQwqh90apuL8eFhvRBkUg,autor,@luisricardo9671,1,1.0,1,1.0,,0.0029,0.0,0.1326,0.0015
autor::UCZIQnb1fkwe39Iw2TAu-bGA,autor,@jorgegomez2237,1,1.0,1,1.0,,0.0029,0.0,0.1223,0.0016
autor::UCZLG9qH0tUjNhEGFIUt0CYw,autor,@SoniaMarroquin-y6e,1,1.0,1,1.0,,0.0029,0.0,0.2219,0.0015
autor::UCZOmq6MwFDVoCaEl99BRRaw,autor,@daniloarevalo3170,1,1.0,1,1.0,,0.0029,0.0,0.1679,0.0015
autor::UCZeIIQrGAedW8tCbKWmGY-A,autor,@mariocordon8873,1,1.0,1,1.0,,0.0029,0.0,0.1742,0.0015
autor::UCZjm6U576nX8WOiLhmMR3bw,autor,@MariaNavarroYT,1,1.0,1,1.0,,0.0029,0.0,0.0264,0.0016
autor::UC_3xuTXvMIWU5MYP9HkJ3vQ,autor,@Historia-wm4os,1,1.0,1,1.0,,0.0029,0.0,0.1023,0.0016
autor::UC_6KbBY1bsYXz9fwFS0eQRg,autor,@imrcp5694,1,1.0,1,1.0,,0.0029,0.0,0.1679,0.0015
autor::UC_LYoGs5C3mbZKZuKuqYCvw,autor,@javiercifuentesarchila6041,1,1.0,1,1.0,,0.0029,0.0,0.1742,0.0015
autor::UC_NRVt2UP88ZNTwzrZ66JSg,autor,@aditalissethevasquezrojas8039,1,1.0,1,1.0,,0.0029,0.0,0.0029,0.0028
autor::UC_ljZ1hZXR9pzexFz87P5ZA,autor,@ChRiStOpHeR7969,1,1.0,1,1.0,,0.0029,0.0,0.0364,0.0016
autor::UCa36MjQLoPAmgJo-R3G8WQA,autor,@elsasalguero6914,1,1.0,1,1.0,,0.0029,0.0,0.1326,0.0015
autor::UCaKAjTW9MVub_clgr4DRYjQ,autor,@josecastillo4390,1,1.0,1,1.0,,0.0029,0.0,0.1742,0.0015
autor::UCaT4saRcyqCLE657Rq2hhZQ,autor,@elmilenial4064,1,1.0,1,1.0,,0.0029,0.0,0.1326,0.0015
autor::UCaT6M2zp7X6r6Whd8Vv3kHQ,autor,@alexarcos8349,1,1.0,1,1.0,,0.0029,0.0,0.0364,0.0016
autor::UCat2qkYvqmtDNEmo2PVuhXw,autor,@DoraSalas-j5o,1,1.0,1,1.0,,0.0029,0.0,0.0264,0.0016
autor::UCbNanjFI51cwGqMAb2rOrBw,autor,@RosaMontesdeOca777,1,1.0,1,1.0,,0.0029,0.0,0.0264,0.0016
autor::UCbYoNG5J3Au5BqtbXogfEFw,autor,@Luis-gn3fj,1,1.0,1,1.0,,0.0029,0.0,0.1706,0.0015
autor::UCbrtvygfRT6QXqWDNrOf-cA,autor,@Alejandro00710,2,2.0,2,1.0,,0.0057,0.0323,0.1717,0.0026
autor::UCcFIBN-rtC3d3hXeuN5TfWw,autor,@DenisRMC,1,1.0,1,1.0,,0.0029,0.0,0.1236,0.0015
autor::UCc_F88PzGWtA1OPNUEASulA,autor,@rockyscarlet,1,1.0,1,1.0,,0.0029,0.0,0.1236,0.0015
autor::UCcfdg8crmMJwEuLUsAhV7yg,autor,@RolandoRaguay,1,1.0,1,1.0,,0.0029,0.0,0.2219,0.0015
autor::UCdFlugHJJa4l3YqWuNRmvXw,autor,@MarcosCarillo-b1r,2,2.0,2,2.0,,0.0057,0.0319,0.1761,0.0027
autor::UCdQAuWwyC99MB7Y02Umj26Q,autor,@miguelbran1268,1,1.0,1,1.0,,0.0029,0.0,0.1236,0.0015
autor::UCe8JZoYkX5oKUZyivHYdXhw,autor,@FernandoGarcia-jg1fj,1,1.0,1,1.0,,0.0029,0.0,0.1742,0.0015
autor::UCeDNEtI8_a42bZ47wJiJMwQ,autor,@EdgarcalderonCalderong,1,1.0,1,1.0,,0.0029,0.0,0.1742,0.0015
autor::UCeQk-WfEA-cJRq4EKeE7TOw,autor,@franciscojuarez9223,1,1.0,1,1.0,,0.0029,0.0,0.1326,0.0015
autor::UCefAH1MbvADWUjE9WVcB9EQ,autor,@jabriz8152,1,1.0,1,1.0,,0.0029,0.0,0.1236,0.0015
autor::UCf5lnNZF7Qrtli9v4N_23WQ,autor,@CarlosCortez-v5r,1,1.0,1,1.0,,0.0029,0.0,0.1706,0.0015
autor::UCfM3nrxtTQMY5jFx1v1J4Gg,autor,@edgarroldan5539,1,1.0,1,1.0,,0.0029,0.0,0.2219,0.0015
autor::UCfRqgt2O-vjzUDMZY_tnxQw,autor,@Williams-Garcia67E,1,1.0,1,1.0,,0.0029,0.0,0.1238,0.0016
autor::UCfXykdbSU97rj987LDUGfvg,autor,@MariaSantos-c8y3h,1,1.0,1,1.0,,0.0029,0.0,0.1023,0.0016
autor::UCfjhejO7LZy4doXURa7LZCQ,autor,@HonwayLee-z5g,1,1.0,1,1.0,,0.0029,0.0,0.1023,0.0016
autor::UCfo_yUPzy1f1POwwZxhZ06Q,autor,@lara11roberto,1,1.0,1,1.0,,0.0029,0.0,0.1326,0.0015
autor::UCg3eIfd7BrsLEqS0BLkftHA,autor,@ErmePérez-q4s,1,1.0,3,1.0,,0.0029,0.0,0.1706,0.0015
autor::UCgGqw4aqMdMVSGkKiMgrJRQ,autor,@pattyfigueroa5609,1,1.0,1,1.0,,0.0029,0.0,0.1326,0.0015
autor::UCgJNFj5dnxXpcMvmuhZDPxA,autor,@NataliaRodriguez-rx5mr,1,1.0,1,1.0,,0.0029,0.0,0.1742,0.0015
autor::UCgLrWFdYitoP-b7-PxtUr-w,autor,@zetag,1,1.0,1,1.0,,0.0029,0.0,0.0364,0.0016
autor::UCgLurCo-e019HGODcjXHWCw,autor,@perritojuega1,1,1.0,1,1.0,,0.0029,0.0,0.0364,0.0016
autor::UCgQJgI9vu1FI2dnC9mrFthw,autor,@srms70,1,1.0,1,1.0,,0.0029,0.0,0.1706,0.0015
autor::UCgQw_Sbq3ugruDUKsq1e0-A,autor,@marlenareano-h4t,1,1.0,1,1.0,,0.0029,0.0,0.1742,0.0015
autor::UCgvw7xIdGFupzpt1Y_BFkEA,autor,@fredygarcia9151,1,1.0,1,1.0,,0.0029,0.0,0.2219,0.0015
autor::UCh5ESQvtzyHDhCA7XyekCFA,autor,@andyB5280,1,1.0,3,1.0,,0.0029,0.0,0.2219,0.0015
autor::UChT7pzGytNd92Nmvi-zuWog,autor,@sparkvalkov,1,1.0,1,1.0,,0.0029,0.0,0.1236,0.0015
autor::UChZknRmJkeGeQk0-mQuhDOg,autor,@OdilioRodríguez-c5w,1,1.0,1,1.0,,0.0029,0.0,0.2219,0.0015
autor::UCheEJ5GZuIvV0fj-nXyVwXw,autor,@rosaoliva9389,1,1.0,1,1.0,,0.0029,0.0,0.1326,0.0015
autor::UChep9kVb5gQmpodEEl10Xlg,autor,@carlosaguilar-kz7ml,1,1.0,1,1.0,,0.0029,0.0,0.2219,0.0015
autor::UChgkn5Jt5tWKYMoEOuCjz3Q,autor,@pablochitay46,1,1.0,1,1.0,,0.0029,0.0,0.2219,0.0015
autor::UChs3tU2BcKOT0CezykvAsGw,autor,@byronpontaza,1,1.0,3,1.0,,0.0029,0.0,0.2219,0.0015
autor::UChyps3dqY-VY1_wLeq-2lhw,autor,@maydamorales4395,1,1.0,1,1.0,,0.0029,0.0,0.1326,0.0015
autor::UCi-vPdnpQreC7BkFs40mJGA,autor,@bryansicasales4280,1,1.0,1,1.0,,0.0029,0.0,0.0364,0.0016
autor::UCi1b_TRQfgO1Z9O2gNGGWNA,autor,@davidisraelesquitsaquil,1,1.0,2,1.0,,0.0029,0.0,0.2219,0.0015
autor::UCi2KiZq63sRq8Mfbcp-MelQ,autor,@eugeneramirez4405,1,1.0,6,1.0,,0.0029,0.0,0.0264,0.0016
autor::UCiC-Jn7wdgyQV4_Urk0DkWQ,autor,@pedroros6358,1,1.0,1,1.0,,0.0029,0.0,0.1742,0.0015
autor::UCiGRBf2RNF0WRKhRVT7zFoA,autor,@edwinavila4876,1,1.0,1,1.0,,0.0029,0.0,0.2219,0.0015
autor::UCiMythXHsw7eQEMykCdmMUA,autor,@JavierBecerra-h6x,1,1.0,1,1.0,,0.0029,0.0,0.2219,0.0015
autor::UCiOZX__1gahg1ypIj0_XG_w,autor,@mariogonzalezorellana8956,1,1.0,1,1.0,,0.0029,0.0,0.1326,0.0015
autor::UCipetjeiWj4CZB6EbyYziZg,autor,@OseasSamayoa-ol5rz,1,1.0,1,1.0,,0.0029,0.0,0.2219,0.0015
autor::UCj-LL25XJnjxepPKCc3NGog,autor,@anaaguirre8985,1,1.0,1,1.0,,0.0029,0.0,0.2219,0.0015
autor::UCjJf-AJKRFFWtiN-CSwkDmA,autor,@2jose82,1,1.0,1,1.0,,0.0029,0.0,0.1679,0.0015
autor::UCjSKM9j0Q7HLDr1hD6D-TUw,autor,@josehidalgo4875,1,1.0,1,1.0,,0.0029,0.0,0.2219,0.0015
autor::UCjZgFEowMBrsjodqfovzdKw,autor,@franciscoflores3120,2,2.0,2,2.0,,0.0057,0.0579,0.1346,0.0027
autor::UCjmPuazZJzscrwvk0QR9RVw,autor,@mynorrodas8591,1,1.0,1,1.0,,0.0029,0.0,0.2219,0.0015
autor::UCk4O-J1BhoqPmig1KLGJePA,autor,@lazarobarillas3575,1,1.0,1,1.0,,0.0029,0.0,0.1238,0.0016
autor::UCkVtmkK07b2zaVVNssX4lOg,autor,@HectorElias-u2l,1,1.0,1,1.0,,0.0029,0.0,0.1742,0.0015
autor::UCkbsS_3D-pvg1iHOld9uvIg,autor,@gonzalo6075,1,1.0,1,1.0,,0.0029,0.0,0.1742,0.0015
autor::UCkd9W714-947dEE6ZOEBATA,autor,@ARGELIATELON,1,1.0,2,1.0,,0.0029,0.0,0.2219,0.0015
autor::UCkxdJ_yGN2gghOMo2ybQtXQ,autor,@11223344An,1,1.0,1,1.0,,0.0029,0.0,0.1236,0.0015
autor::UCl0ekS9Tt0jJGtOEM18S63w,autor,@monkchapin,1,1.0,1,1.0,,0.0029,0.0,0.2219,0.0015
autor::UCld2stqxaVSk0QdGncM224A,autor,@sarahernandez3873,1,1.0,1,1.0,,0.0029,0.0,0.0065,0.0019
autor::UClhMWQ7XKWywYvbRnuf8QsA,autor,@EcPerez-zz9oh,1,1.0,1,1.0,,0.0029,0.0,0.1742,0.0015
autor::UCljDbleJul41G1TzOjOZAVA,autor,@hectorcarranza3777,1,1.0,1,1.0,,0.0029,0.0,0.2219,0.0015
autor::UClqA491Xa5fQcXcJJa-vTWw,autor,@AndresLemus-k2d,1,1.0,1,1.0,,0.0029,0.0,0.1742,0.0015
autor::UClsrFGJKWPxxw7MiaEdKLXw,autor,@ericapaz5406,1,1.0,1,1.0,,0.0029,0.0,0.1706,0.0015
autor::UCmjppp6ujz3SAnULvP3sZMw,autor,@marcomendez7509,1,1.0,1,1.0,,0.0029,0.0,0.2219,0.0015
autor::UCmvOgzmmXbjUthHy-WJ52hQ,autor,@mariorodas593,1,1.0,1,1.0,,0.0029,0.0,0.2219,0.0015
autor::UCnU8wO1OurAmGstDw6VGjgQ,autor,@cmorera21,1,1.0,1,1.0,,0.0029,0.0,0.1679,0.0015
autor::UCoGdCoJg2Lh0OX_jv6cG16g,autor,@Israel-u5i7i,1,1.0,2,1.0,,0.0029,0.0,0.1326,0.0015
autor::UColMq7LmaoY3MT6aIDGrGvA,autor,@quijotachapina1,1,1.0,1,1.0,,0.0029,0.0,0.1742,0.0015
autor::UCozFYHN0e_-vlQbX3wQGOug,autor,@jesusguzman2321,1,1.0,1,1.0,,0.0029,0.0,0.0264,0.0016
autor::UCp29O_C7cchZV8IxV7Crdag,autor,@robertoescobar5507,1,1.0,2,1.0,,0.0029,0.0,0.1326,0.0015
autor::UCp4iw5_5SmV9VGTFSNVGOmQ,autor,@CARLOSSTREMS51,1,1.0,1,1.0,,0.0029,0.0,0.2219,0.0015
autor::UCpIdtvoFHVLGASGB5ySqIEA,autor,@VidalVillatoro-p4w,1,1.0,1,1.0,,0.0029,0.0,0.2219,0.0015
autor::UCp_dAUfv8i3LW3zWc24dLaQ,autor,@MarioCortez-o6v,1,1.0,1,1.0,,0.0029,0.0,0.0264,0.0016
autor::UCpe5jW3MIqkgTJ-PgkzvM6Q,autor,@carloslam5333,1,1.0,1,1.0,,0.0029,0.0,0.1742,0.0015
autor::UCpl8rF8uv_8uui-QRvuJaRA,autor,@SergioGarcia-z9c,1,1.0,1,1.0,,0.0029,0.0,0.2219,0.0015
autor::UCplrIQtaPj6au60_f2-mOYw,autor,@romeolopezherrarte799,1,1.0,1,1.0,,0.0029,0.0,0.2219,0.0015
autor::UCpsKOkt5iWTbenzeuq7dsmQ,autor,@inge_vergueta,3,3.0,3,1.0,,0.0086,0.2181,0.2655,0.0037
autor::UCq3mDTTRZnUybct5M9OSXbg,autor,@MacoMorales-i2i2d,1,1.0,1,1.0,,0.0029,0.0,0.1023,0.0016
autor::UCqCrvuoJpC-aVb0f4logQRQ,autor,@Lyrics_GT,1,1.0,1,1.0,,0.0029,0.0,0.1742,0.0015
autor::UCqilIa8r7iek5sGYg_q6ofA,autor,@rolandojuchuna484,1,1.0,1,1.0,,0.0029,0.0,0.0364,0.0016
autor::UCql1n3Ey6ULMSOACjMe-fxQ,autor,@RolandoGonzalez-o7g,1,1.0,1,1.0,,0.0029,0.0,0.1326,0.0015
autor::UCr1emrogPKkKTs_WTtx71xg,autor,@domingopeneleu6457,1,1.0,1,1.0,,0.0029,0.0,0.2219,0.0015
autor::UCrJn_rbo_ENAdeqneS-RmRw,autor,@josecarrera9623,1,1.0,2,1.0,,0.0029,0.0,0.2219,0.0015
autor::UCrqXyRsg-_hTosURZ-uvoKg,autor,@flornolberto2425,1,1.0,1,1.0,,0.0029,0.0,0.0264,0.0016
autor::UCsGoJEvb-cFPZ2rWoJcXzEQ,autor,@sergiohinestroza9709,1,1.0,1,1.0,,0.0029,0.0,0.1742,0.0015
autor::UCsJJAvrVGupdmhOqgtDp8dg,autor,@nestorlorenzana1168,1,1.0,1,1.0,,0.0029,0.0,0.2219,0.0015
autor::UCsSXdJct-nsS8DsABoEsaYA,autor,@IvánPérez-j4j,1,1.0,1,1.0,,0.0029,0.0,0.2219,0.0015
autor::UCsUCN0Yq_UyTvKjOJLmNrnQ,autor,@moisesvaldez4043,2,2.0,2,2.0,,0.0057,0.0319,0.2249,0.0027
autor::UCs_5qeqdku9tGAq22y3OcuQ,autor,@alexandrevasquez4135,1,1.0,1,1.0,,0.0029,0.0,0.0364,0.0016
autor::UCsjs5Hp_r86x1xbK6FAeqaA,autor,@alvaroesquivel563,1,1.0,1,1.0,,0.0029,0.0,0.2219,0.0015
autor::UCtCtts20bW6F9CSohau51Iw,autor,@carlosgranados9875,1,1.0,2,1.0,,0.0029,0.0,0.1326,0.0015
autor::UCtMBF_1O2jY2INlb_luuB_A,autor,@mynorgudiel8646,1,1.0,1,1.0,,0.0029,0.0,0.0364,0.0016
autor::UCtNfIBnc5S5DbbQj_yxgJTw,autor,@JosueRamirez-ey3ih,1,1.0,1,1.0,,0.0029,0.0,0.2219,0.0015
autor::UCtNyHmRZtvGF2hSvI2dUBWw,autor,@aureliomaldonado4793,1,1.0,2,1.0,,0.0029,0.0,0.1706,0.0015
autor::UCtUR3_CAiE7fCoZHM6cMfyQ,autor,@mdelcid01,1,1.0,1,1.0,,0.0029,0.0,0.2219,0.0015
autor::UCtiHFjFu7d5v2XxHnKFUYig,autor,@Paul-gf7ec,1,1.0,1,1.0,,0.0029,0.0,0.0264,0.0016
autor::UCtowGNY2lnlg6O2CkwDgkLg,autor,@taniagabrielacelis8434,1,1.0,1,1.0,,0.0029,0.0,0.0065,0.0019
autor::UCtsxPYw8VUsH_FfnKg-0lmw,autor,@AlejandroPérez-b6r,1,1.0,1,1.0,,0.0029,0.0,0.1326,0.0015
autor::UCu8_3-Wg-YzNyvHYQDEscfw,autor,@RolandoCastroPérez-d7y,1,1.0,1,1.0,,0.0029,0.0,0.1742,0.0015
autor::UCuP4UK33HKtJE_S39ksmaTw,autor,@herbertaguilar1387,1,1.0,1,1.0,,0.0029,0.0,0.1706,0.0015
autor::UCuXmOjxC-htcprLgeVXz6Tg,autor,@jorgeaguilar-bq3uj,1,1.0,1,1.0,,0.0029,0.0,0.1742,0.0015
autor::UCueV9cTyTDwgQSec1x2dYgA,autor,@fredydomingo7062,1,1.0,1,1.0,,0.0029,0.0,0.2219,0.0015
autor::UCujPF2nBgsTD62nWE3lcpIg,autor,@victorarturoruanobautista7588,1,1.0,1,1.0,,0.0029,0.0,0.2219,0.0015
autor::UCusjriFsDHEc2AOjqk-p5ig,autor,@pablobarrios7931,1,1.0,1,1.0,,0.0029,0.0,0.1706,0.0015
autor::UCut6b9S98nv84cVX89PmKzA,autor,@yeniferaguirre4498,1,1.0,2,1.0,,0.0029,0.0,0.2219,0.0015
autor::UCvApqeCbLod-wejtT4CcVuA,autor,@davidgaher9550,1,1.0,1,1.0,,0.0029,0.0,0.2219,0.0015
autor::UCvDwJBBY1mHK70aTEYl6rsA,autor,@cristianescobedo8296,1,1.0,1,1.0,,0.0029,0.0,0.1326,0.0015
autor::UCvcu1kR8xMYy_I1Ty-2mV2Q,autor,@hashojea7348,3,3.0,4,1.0,,0.0086,0.0597,0.1732,0.0038
autor::UCvl1tzQeBeGy6efPTRJXSCw,autor,@RaulPerez-cw2vi,1,1.0,1,1.0,,0.0029,0.0,0.1023,0.0016
autor::UCwCfs-2zbD5k0lG-UVg_JBw,autor,@JessicaHuaz-96,1,1.0,1,1.0,,0.0029,0.0,0.1023,0.0016
autor::UCwEe1RKlEv1UpNWmWYfSh4w,autor,@marioramirez299,1,1.0,1,1.0,,0.0029,0.0,0.1236,0.0015
autor::UCwO2SXr0ggzwg6QWWrr01nQ,autor,@ricardofigueroa5720,1,1.0,1,1.0,,0.0029,0.0,0.2219,0.0015
autor::UCwUAv3_LpWVtTIi7lkmTL7A,autor,@kingr4706,1,1.0,1,1.0,,0.0029,0.0,0.0364,0.0016
autor::UCwW2OFy95P7ZBkOPxWkpvYg,autor,@TeresaLucero-b5o,1,1.0,2,1.0,,0.0029,0.0,0.2219,0.0015
autor::UCwgCc9Jd_gG-uLE_SY-FfPg,autor,@armindapenados2841,1,1.0,1,1.0,,0.0029,0.0,0.1742,0.0015
autor::UCwha8rxULYMVtNwZWeSkE1A,autor,@mariasamo8637,1,1.0,1,1.0,,0.0029,0.0,0.2219,0.0015
autor::UCwjUvRseNtJoItylIyIez7Q,autor,@Silviazea,1,1.0,1,1.0,,0.0029,0.0,0.1742,0.0015
autor::UCwxoKK59nGCeBqB2sXfDBIw,autor,@vic-bonivideos,1,1.0,1,1.0,,0.0029,0.0,0.1326,0.0015
autor::UCxKR3RA8T-kxMgq_2WWhRcQ,autor,@elenaluarca9377,1,1.0,1,1.0,,0.0029,0.0,0.0364,0.0016
autor::UCxcoDvP-g2_KTZDmVZtvb3w,autor,@angelmartinez9523,1,1.0,1,1.0,,0.0029,0.0,0.1236,0.0015
autor::UCxff05WuyvwELNITi7bj7UA,autor,@markoherrera,1,1.0,1,1.0,,0.0029,0.0,0.2219,0.0015
autor::UCxhtlxPV8AYWaNNyU6S9H8Q,autor,@WilR-s8r,1,1.0,1,1.0,,0.0029,0.0,0.0264,0.0016
autor::UCyJhqmMbsvjpoarBBStA2kg,autor,@Murmullodelbarrio,1,1.0,6,1.0,,0.0029,0.0,0.1326,0.0015
autor::UCySYJU5kUh7X8gVt9la2ISA,autor,@dantesarti4351,1,1.0,1,1.0,,0.0029,0.0,0.2219,0.0015
autor::UCyW68EGZey4ao_Vf2cR5Ztg,autor,@ZabalaXabier,1,1.0,1,1.0,,0.0029,0.0,0.1223,0.0016
autor::UCylqlpsh8ENNM1LqgQ1KbxA,autor,@Jel.Awesh.M,2,2.0,3,1.0,,0.0057,0.0892,0.2479,0.0026
autor::UCyor0Mmm0ivLX2jIdyGp84Q,autor,@MiguelJordan-n3g,1,1.0,1,1.0,,0.0029,0.0,0.0038,0.0022
autor::UCyzf29IYjNw67gGIfsjgtxA,autor,@carlosoliva9249,1,1.0,1,1.0,,0.0029,0.0,0.0364,0.0016
autor::UCz3gu01bmjNv0DpRq-K3XYg,autor,@eusebiovasquez4385,1,1.0,2,1.0,,0.0029,0.0,0.2219,0.0015
autor::UCzSfZlOVxBSs5ObD25ywxDQ,autor,@GilmarMaldonado-q9m,1,1.0,1,1.0,,0.0029,0.0,0.2219,0.0015
autor::UCzZ6dDCEsLMXbc5pCFXIprw,autor,@josegil3813,2,2.0,2,1.0,,0.0057,0.1768,0.1827,0.0027
autor::UCzoL2l5H5eVlorWGH8AZfAg,autor,@jor77cas,1,1.0,1,1.0,,0.0029,0.0,0.2219,0.0015
video::06mFNPU0aB8,video,Capturan a presuntos delincuentes disfrazados de mujer señalados de cometer asalto,13,,14,,6692.0,0.0371,0.0547,0.117,0.0178
video::3Nfp9h5avBI,video,"Noticiero en Directo 1 pm, 28 de Agosto de 2026",2,,2,,573.0,0.0057,0.0,0.0057,0.0042
video::6W4u8sGEnGM,video,Inician los trabajos de recuperación del Puente Belice II.,32,,45,,11670.0,0.0914,0.1876,0.1583,0.0422
video::JkpVO1hx2f8,video,10 Preguntas a un año del Paro Nacional,3,,3,,673.0,0.0086,0.0,0.0086,0.0055
video::OkXlHx0hx-8,video,EE.UU. envía a mexicanos deportados a Guatemala antes de su regreso a México | Noticias Telemundo,18,,25,,14200.0,0.0514,0.0025,0.0514,0.0251
video::PjmxCj-a9Hg,video,Conferencia de Prensa del Gobierno de Guatemala. #LaRondaGt,19,,25,,3628.0,0.0543,0.244,0.2157,0.0251
video::TT4qJ5FXHYE,video,"I’x K’at: el primer equipo guatemalteco de pelota maya, conformado únicamente por mujeres.",4,,4,,1075.0,0.0114,0.0001,0.0114,0.0068
video::UhL9y3KUl8E,video,SHAI WA: la vecina queer de Casa Presidencial,1,,1,,1755.0,0.0029,0.0,0.0029,0.0028
video::WIUZtitfLRw,video,Caminar en una ciudad hecha para carros,6,,6,,422.0,0.0171,0.0231,0.1438,0.0083
video::X_FAIef8qlE,video,Cruzando la ciudad a puro Transmetro,1,,1,,1140.0,0.0029,0.0,0.0029,0.0028
video::b_Hkrkl3adA,video,Bloqueos en Guatemala este 31 de agosto por alza en combustibles afectan rutas principales,7,,7,,5469.0,0.02,0.0277,0.178,0.0099
video::is3Mk5oC19g,video,Capturan a ladrón que había quedado grabado mientras robaba en una parroquia de Retalhuleu,7,,7,,4616.0,0.02,0.0277,0.146,0.0099
video::j43HgwYFKfk,video,La cooptación de Walter Mazariegos en la USAC,49,,50,,10156.0,0.14,0.2275,0.2214,0.0636
video::lj983NWyAQY,video,Plan 2032 Ciudad de Guatemala,25,,25,,304089.0,0.0714,0.0049,0.0714,0.0343
video::n8iP75gIpmw,video,Qué rico come tu diputado,128,,161,,11775.0,0.3657,0.5657,0.3046,0.1664
video::ndAZjHqzzT8,video,Internet: escoger el menos malo,10,,12,,717.0,0.0286,0.1283,0.2114,0.0125
video::s0eco-BofOs,video,¿Quiénes pagan más en Centroamérica?,1,,1,,220.0,0.0029,0.0,0.0029,0.0028
video::yLZS3JiEBg8,video,Arroz con pollo a la MONOPOLIO,16,,16,,1954.0,0.0457,0.0637,0.1456,0.0209
video::zweosulrwA8,video,Edén por Salud: empleo inclusivo para personas con discapacidad en Antigua | Super - Episodio 2,1,,1,,52.0,0.0029,0.0,0.0029,0.0028
