node_id,id_original,etiqueta,comunidad_aa
autor::UC-HeUTT6_g-VoiWds2a4H-w,UC-HeUTT6_g-VoiWds2a4H-w,@JorgeMunoz-gd9et,0
autor::UC-Iul5tDYH_oiAMXQH-KaaQ,UC-Iul5tDYH_oiAMXQH-KaaQ,@AlbertoMancilla-p9h,0
autor::UC-QOpE7GOxlXcHZ8b7HbQKA,UC-QOpE7GOxlXcHZ8b7HbQKA,@mariaalexander427,1
autor::UC-fiZBS5Gp1eCJd9ucgWnCg,UC-fiZBS5Gp1eCJd9ucgWnCg,@Tommii.10,8
autor::UC-hfX8J5JPJ-dfuakzegMLA,UC-hfX8J5JPJ-dfuakzegMLA,@normaleticiaorozcojuarez2418,3
autor::UC-jS_kA9w-OmpupXDx156Rg,UC-jS_kA9w-OmpupXDx156Rg,@simoncreyesc7579,3
autor::UC-pNP6RMFuLg_-x7Ah_0kEA,UC-pNP6RMFuLg_-x7Ah_0kEA,@almacatalan2717,3
autor::UC094EFEmMSdwVa8NQjjYBXg,UC094EFEmMSdwVa8NQjjYBXg,@CelestinoQuej-j7k,4
autor::UC0HvfEWozTHbwl_iEmJNvVA,UC0HvfEWozTHbwl_iEmJNvVA,@OttoPalencia-b7r,0
autor::UC0RpuMwkDKJYqgKHtsJRuWQ,UC0RpuMwkDKJYqgKHtsJRuWQ,@sabinamarinaguerra3248,5
autor::UC0aEyakBPqcBkVJiErfSupQ,UC0aEyakBPqcBkVJiErfSupQ,@jhonymanuel9891,5
autor::UC14qlobYKqD-DO0j6b75lcA,UC14qlobYKqD-DO0j6b75lcA,@megavision4488,0
autor::UC1DpqK6vaPEkBOMNvypsKYg,UC1DpqK6vaPEkBOMNvypsKYg,@HectorCarranza-u4j4o,8
autor::UC1NiEdJ7gk6FlDexIalWnGg,UC1NiEdJ7gk6FlDexIalWnGg,@BorisTebalán,0
autor::UC1WlJfQmaIskYhP4gmWoamw,UC1WlJfQmaIskYhP4gmWoamw,@marthareiss5434,1
autor::UC1Y7x3h0c95Z8kUhi-Tzaeg,UC1Y7x3h0c95Z8kUhi-Tzaeg,@rosadiaz9235,0
autor::UC1vr9aaMI2crB0NvwFHUeoQ,UC1vr9aaMI2crB0NvwFHUeoQ,@JoseSimilox-p6e,3
autor::UC2Y_EHWQKevubk4vOEBBFxw,UC2Y_EHWQKevubk4vOEBBFxw,@alfonsomorales2653,3
autor::UC2ngpd8UBQu4gcUYy0goAtg,UC2ngpd8UBQu4gcUYy0goAtg,@juliohernandez7438,0
autor::UC2weSE8rpqkGMOp6StYtVfg,UC2weSE8rpqkGMOp6StYtVfg,@katerynsantiago2907,3
autor::UC32oozucwCF3q8d4m8fyOUg,UC32oozucwCF3q8d4m8fyOUg,@RauldejesusOlivagonzalez,8
autor::UC3E9mAgP7VoAE5mZoAexl5g,UC3E9mAgP7VoAE5mZoAexl5g,@EnnioAroche,3
autor::UC3MYTqpQqlWBuCB7Th0e0PA,UC3MYTqpQqlWBuCB7Th0e0PA,@isaaclopez7220,3
autor::UC3NMzdMYryaw82kPTnsaljg,UC3NMzdMYryaw82kPTnsaljg,@marisosa7832,3
autor::UC3UVO7pTbeYvZ3ILEyRDskQ,UC3UVO7pTbeYvZ3ILEyRDskQ,@rosaelenaargueta79,8
autor::UC3XTwHxygNCgjndsg-UiCQA,UC3XTwHxygNCgjndsg-UiCQA,@marioajset4283,3
autor::UC3YpzAr7pcdKC7BVFEpYzog,UC3YpzAr7pcdKC7BVFEpYzog,@carmenfigueroa1232,0
autor::UC3iIU62XKUOWuqL8BqBzj9A,UC3iIU62XKUOWuqL8BqBzj9A,@antonioduarte2288,4
autor::UC3qn1yJA5PeW9rkGPatQxiw,UC3qn1yJA5PeW9rkGPatQxiw,@VICTOREST19,3
autor::UC4Avya4kmR4Q0FrfFdBozSQ,UC4Avya4kmR4Q0FrfFdBozSQ,@davidlima1348,8
autor::UC4cXueR2bKGFJV0Fk76gwmA,UC4cXueR2bKGFJV0Fk76gwmA,@aluxdel4792,3
autor::UC4kg7zuTfqQKLd2bkZrSYBA,UC4kg7zuTfqQKLd2bkZrSYBA,@zoilagarcia9019,8
autor::UC4wq3DcbfaG6dtCqn8Oyu3w,UC4wq3DcbfaG6dtCqn8Oyu3w,@hugoasencio7764,3
autor::UC5H8ASmMC9WrURmzeB4ySog,UC5H8ASmMC9WrURmzeB4ySog,@ManuelEdran,3
autor::UC5PrBbmUlQolwqmiru7yZhw,UC5PrBbmUlQolwqmiru7yZhw,@lazarochavez8269,4
autor::UC5PyGvSfFM--OVKmQ3COu6g,UC5PyGvSfFM--OVKmQ3COu6g,@FreddyGmez,5
autor::UC5bG9nc_JV3FsNP2KseQiYw,UC5bG9nc_JV3FsNP2KseQiYw,@giovannirodas4836,3
autor::UC5fvhAfm89JH8eDFdvc0xYw,UC5fvhAfm89JH8eDFdvc0xYw,@isaidiaz2388,5
autor::UC5hvEnRUzI4Kfvwnyi4QxqQ,UC5hvEnRUzI4Kfvwnyi4QxqQ,@leonelsantizo5281,8
autor::UC5wuDq3U3vRAhOQI3D7gNdw,UC5wuDq3U3vRAhOQI3D7gNdw,@allanreneramirezgonzalez534,11
autor::UC63tFvbQ_hJhGDi2nbjssjw,UC63tFvbQ_hJhGDi2nbjssjw,@AbigailRodas-w2r,0
autor::UC650pRT-OYzny3GwOH8Cgfw,UC650pRT-OYzny3GwOH8Cgfw,@edvinparedesherrera7632,3
autor::UC6PvO1_k5lHKGdAPo5_C6TA,UC6PvO1_k5lHKGdAPo5_C6TA,@johnmejia992,3
autor::UC6Uj1FT5JjDSF8vudvDxPAA,UC6Uj1FT5JjDSF8vudvDxPAA,@alfredoortega9264,8
autor::UC6YSZqL0vEcI-niPKIMUGfw,UC6YSZqL0vEcI-niPKIMUGfw,@maxwellsales885,3
autor::UC6xI_MOaxajIWpoP8BH6E_Q,UC6xI_MOaxajIWpoP8BH6E_Q,@jahirdiaz5862,10
autor::UC72gBAtyb_VXQlYDcFrh6oQ,UC72gBAtyb_VXQlYDcFrh6oQ,@osmanmorales3012,3
autor::UC7IMsCxfZyWN7YQo8-JYa6Q,UC7IMsCxfZyWN7YQo8-JYa6Q,@Burgos68,0
autor::UC7VUuJr9cGh845CmTvf7TlQ,UC7VUuJr9cGh845CmTvf7TlQ,@LuisCastillo-oz4df,3
autor::UC7dadZG7kkGYnsNu6td0FbA,UC7dadZG7kkGYnsNu6td0FbA,@lesolorzano,8
autor::UC816IGbFCZinfYS1LRDaaHg,UC816IGbFCZinfYS1LRDaaHg,@ingenieroar,8
autor::UC8F2V63KZ4ZEay6opX2hAQw,UC8F2V63KZ4ZEay6opX2hAQw,@carmenr6311,3
autor::UC8G5cJONY8L9voMyBW8Eoug,UC8G5cJONY8L9voMyBW8Eoug,@luisparedes-pw6qt,3
autor::UC8r11yOugM2NuRfitQOxLLg,UC8r11yOugM2NuRfitQOxLLg,@cesaraugustomoralesmonroy6907,3
autor::UC8xlJWNHz1V_W6q3fbuQH8g,UC8xlJWNHz1V_W6q3fbuQH8g,@NormaLópez-v7e,0
autor::UC95PSMouTx2N5CbSq0hIyrQ,UC95PSMouTx2N5CbSq0hIyrQ,@lisss1908,8
autor::UC9Wp6vL5oCU37qC3Aj94WZA,UC9Wp6vL5oCU37qC3Aj94WZA,@ManuelSanchez-b8q2z,4
autor::UC9vMq1YF-e7C-VO0SHkbUTA,UC9vMq1YF-e7C-VO0SHkbUTA,@ErvinLeonardoCarreraLatín,3
autor::UC9xr9QvIcDvoZNUX5f-jaZw,UC9xr9QvIcDvoZNUX5f-jaZw,@MariaaliciaColonmorales,3
autor::UCA93ym2TXs_Ibyxb4Vcn-6Q,UCA93ym2TXs_Ibyxb4Vcn-6Q,@oswaldosolis8728,3
autor::UCAKuKvcbfnBD3kF5njNu-IA,UCAKuKvcbfnBD3kF5njNu-IA,@melvinlopez7096,8
autor::UCAV7QIjYhbDJaycQycM_0eQ,UCAV7QIjYhbDJaycQycM_0eQ,@mariavail8998,0
autor::UCAlzM_N6xBlMYmM8EBzX86Q,UCAlzM_N6xBlMYmM8EBzX86Q,@carlossoto3252,3
autor::UCAmtbUiIrUIhikru0ZoTFig,UCAmtbUiIrUIhikru0ZoTFig,@Aura-vf6dm,3
autor::UCAxvOOHQk7dYPOajzFEVtbA,UCAxvOOHQk7dYPOajzFEVtbA,@ruddydepaz322,0
autor::UCB5p8a5gklc80jJItP6xTHg,UCB5p8a5gklc80jJItP6xTHg,@ernestogamboa8737,3
autor::UCBlm80VQ4YoV3bUJR_XhkaQ,UCBlm80VQ4YoV3bUJR_XhkaQ,@rosadiaz6945,1
autor::UCBtB5dIyx-C16UN8ClUD2UA,UCBtB5dIyx-C16UN8ClUD2UA,@alexmonzon4257,8
autor::UCCBYcToQ2dwkd6TJh0FSyDg,UCCBYcToQ2dwkd6TJh0FSyDg,@lidiarodriguez3493,8
autor::UCCUmP4PlbwgikVFpYwbtRTg,UCCUmP4PlbwgikVFpYwbtRTg,@alhvi,11
autor::UCCaYwkkbQGcvFoUmothVdQQ,UCCaYwkkbQGcvFoUmothVdQQ,@OsvaldoAguirre-l3i,3
autor::UCDIMztpVm7G27qBuiWuT6oQ,UCDIMztpVm7G27qBuiWuT6oQ,@lizardomorataya8274,3
autor::UCDPWkUX3sNNaCx-m1dV4glA,UCDPWkUX3sNNaCx-m1dV4glA,@hectoroliva949,3
autor::UCDQaQv0hr2SS_PO-CMEwVHg,UCDQaQv0hr2SS_PO-CMEwVHg,@federicosaquimux1933,3
autor::UCDUffaruH6dyUnUGwsTKpgg,UCDUffaruH6dyUnUGwsTKpgg,@luisletona2842,3
autor::UCDftMWXQoJ6nONfY7GVOVjg,UCDftMWXQoJ6nONfY7GVOVjg,@luisgpacheco5858,3
autor::UCDlr1VadSucIZgZ171pRBjQ,UCDlr1VadSucIZgZ171pRBjQ,@cuabatzjj5924,3
autor::UCDrmf9y9nLgFY5wnA2hTuGA,UCDrmf9y9nLgFY5wnA2hTuGA,@laboratorio5528,8
autor::UCEHXl4VvvVpq-_4xC5tsbhg,UCEHXl4VvvVpq-_4xC5tsbhg,@anibalg47,0
autor::UCEgEQmRbtL5fwr9_DqAC--g,UCEgEQmRbtL5fwr9_DqAC--g,@ArielRodas-g5y,3
autor::UCErZPJpHmLCsXs8ZWkAUupQ,UCErZPJpHmLCsXs8ZWkAUupQ,@dorisl.garciaroche7763,3
autor::UCFFrEmn6lPYiWyElpfzTy5Q,UCFFrEmn6lPYiWyElpfzTy5Q,@denilsonlopez4083,8
autor::UCFOxCyF926Y9eHhMeVoWLzw,UCFOxCyF926Y9eHhMeVoWLzw,@arielsarc09,5
autor::UCFUuDARXdmmIrLppEqf-rFg,UCFUuDARXdmmIrLppEqf-rFg,@allanmunoz7410,3
autor::UCFhxtoeARHPnXXPcDrOU3Xg,UCFhxtoeARHPnXXPcDrOU3Xg,@diegoalejandrolopezmendez205,3
autor::UCFjudnPLoaSL1BaRuLahyHg,UCFjudnPLoaSL1BaRuLahyHg,@HaroldoCastillo-rh9iw,3
autor::UCFoIAE8k82D6AV-8gjjKaNg,UCFoIAE8k82D6AV-8gjjKaNg,@eddymunoz9789,3
autor::UCFxE8GbokBrBsPEKM1xrOjQ,UCFxE8GbokBrBsPEKM1xrOjQ,@JuanDavila-qd7qj,3
autor::UCFybmWapGvBKcQod7cPPH9w,UCFybmWapGvBKcQod7cPPH9w,@vitalianochavez8382,0
autor::UCGGHbtfbbe0o68etrOf0qxw,UCGGHbtfbbe0o68etrOf0qxw,@karensussetteleonvargas9794,8
autor::UCGX_UbAQOXGZknv5iqklwTA,UCGX_UbAQOXGZknv5iqklwTA,@ronaldgarcia8522,0
autor::UCGZMgmM92E3njyXNe9-kjAQ,UCGZMgmM92E3njyXNe9-kjAQ,@pasionpornada,1
autor::UCGj2v6Gl5bN8NSrzJMXS-CA,UCGj2v6Gl5bN8NSrzJMXS-CA,@juliogutierrez492,11
autor::UCGm3gRBEHGRJYmtCryZLtDw,UCGm3gRBEHGRJYmtCryZLtDw,@JoséLopez-g6k,4
autor::UCGqKxQS-z3NZzZF-2w338AA,UCGqKxQS-z3NZzZF-2w338AA,@samuelaguilar529,5
autor::UCGzXwyCzMzGmjmCbH3Hg01Q,UCGzXwyCzMzGmjmCbH3Hg01Q,@FidelZacarias-ph7dy,3
autor::UCHGd14aYuZZShLD73dkk6mg,UCHGd14aYuZZShLD73dkk6mg,@noemiherrera3152,13
autor::UCHMQ_lDhibZ-XZ_3fo6oxwg,UCHMQ_lDhibZ-XZ_3fo6oxwg,@crislexrubi4387,5
autor::UCHTGCgY2l-DQJIvlA_cpa_Q,UCHTGCgY2l-DQJIvlA_cpa_Q,@virgiliogarcia3039,3
autor::UCHbwIx9pmQuf7i-4_xO2EpA,UCHbwIx9pmQuf7i-4_xO2EpA,@caminoseternos752,8
autor::UCHhHUjaMAZ8SiXdCUCj9DkQ,UCHhHUjaMAZ8SiXdCUCj9DkQ,@fredymendez1786,3
autor::UCHu8x4MVkayU6VgwVKd--MQ,UCHu8x4MVkayU6VgwVKd--MQ,@Hernandez-i1o,4
autor::UCIUhbSCy3-SGRe5UtqM4fzQ,UCIUhbSCy3-SGRe5UtqM4fzQ,@jeanmorales1677,5
autor::UCIXLDYqR_syskKRJy_x9W9Q,UCIXLDYqR_syskKRJy_x9W9Q,@carlitosramirez4739,0
autor::UCIgoiXdIKJyUGmUoH2Lxdzg,UCIgoiXdIKJyUGmUoH2Lxdzg,@susievidal4134,1
autor::UCIp19h9igblA2YKfSLPDAug,UCIp19h9igblA2YKfSLPDAug,@JoseReyes-rn6sh,5
autor::UCJp3OrVYcBorC94sKwdch_A,UCJp3OrVYcBorC94sKwdch_A,@ULJoshmg2011,11
autor::UCJxJC56BSAX-ArD0NAb9qnQ,UCJxJC56BSAX-ArD0NAb9qnQ,@alfonsowilian9157,2
autor::UCKDR0f2fu2UzWL8mBv5-BHw,UCKDR0f2fu2UzWL8mBv5-BHw,@mireyamorales6595,3
autor::UCKVzDUqbtdSMBcexaEtMmzQ,UCKVzDUqbtdSMBcexaEtMmzQ,@rotorairgroup8409,6
autor::UCL13XhnRzbGokEkCkEOb0-g,UCL13XhnRzbGokEkCkEOb0-g,@raquelprado3643,3
autor::UCL1MT278vSaQ83ZDkVWn1gw,UCL1MT278vSaQ83ZDkVWn1gw,@elmorodriguez6978,3
autor::UCLFdHr9BEbXHkoJopbEPLZw,UCLFdHr9BEbXHkoJopbEPLZw,@kanterra4584,3
autor::UCLXYp1Cvc5DLtq5UQL5D9vw,UCLXYp1Cvc5DLtq5UQL5D9vw,@jorgecifuentes-m5g,0
autor::UCLggDc_a5HriXv7I1h02sOA,UCLggDc_a5HriXv7I1h02sOA,@guillermogonzalez5153,3
autor::UCLh1Kde4_vI1sTZBkTNP7RQ,UCLh1Kde4_vI1sTZBkTNP7RQ,@JoelReynoso-d4r,8
autor::UCN2N_wYOw6fMwCeSzdXLPIw,UCN2N_wYOw6fMwCeSzdXLPIw,@danielantoniogonzalezflore4901,0
autor::UCN6qbfPSzFtjhqUDZ3Cv3CQ,UCN6qbfPSzFtjhqUDZ3Cv3CQ,@carlosmedranovelasquez6380,3
autor::UCNBnKqWf4d-rS4HwJRQljmQ,UCNBnKqWf4d-rS4HwJRQljmQ,@LE_A22,3
autor::UCNIeXbV_mEwpa412h1aqUWw,UCNIeXbV_mEwpa412h1aqUWw,@juandeleon9060,0
autor::UCNiMNUJvaRJb0_QLClqwVnA,UCNiMNUJvaRJb0_QLClqwVnA,@Santiago.Nolasco,6
autor::UCNkcuy42zEwddwEcOd_HpnA,UCNkcuy42zEwddwEcOd_HpnA,@vanigomez492,3
autor::UCNpt5CQlTzNjlAKY6CJtClQ,UCNpt5CQlTzNjlAKY6CJtClQ,@eustaquiogomez9975,8
autor::UCO0zwwLWGyDgQmWPJ5Qrr1w,UCO0zwwLWGyDgQmWPJ5Qrr1w,@elsalvador3605,0
autor::UCOARn3hnfkB7-_Rwa8Hoqcw,UCOARn3hnfkB7-_Rwa8Hoqcw,@nicelol5241,11
autor::UCOLGv5Pf6BF2wFcwUzgcvHg,UCOLGv5Pf6BF2wFcwUzgcvHg,@welfrealdana5559,3
autor::UCOLHH4ZpMxPYF-Q6e6wvn5A,UCOLHH4ZpMxPYF-Q6e6wvn5A,@luisroldan7374,1
autor::UCOS8ViEkccrTZx2w2ccxotA,UCOS8ViEkccrTZx2w2ccxotA,@OscarHernandez-q8y,3
autor::UCOY3XpD9qMCRSA8AA8c4CAw,UCOY3XpD9qMCRSA8AA8c4CAw,@franciscorodas9686,11
autor::UCOcUI5XkTYNMSFhZNMIPpGg,UCOcUI5XkTYNMSFhZNMIPpGg,@hendersonlopez3864,8
autor::UCOh6DaZC_x9HASnlRylEMfw,UCOh6DaZC_x9HASnlRylEMfw,@AndresMedina-v1s,3
autor::UCPLW0HE3siElqCgXfgWxMqg,UCPLW0HE3siElqCgXfgWxMqg,@elizabethmonterroso7719,7
autor::UCPNXmbOBVeC4HS-xemvcPtQ,UCPNXmbOBVeC4HS-xemvcPtQ,@BelkisRodriguezRamirez,1
autor::UCPZueDLrCS4BmTBRMA4q0fA,UCPZueDLrCS4BmTBRMA4q0fA,@kevinochoa3695,0
autor::UCQIdKuZ-OzuFqy0KjGrgesg,UCQIdKuZ-OzuFqy0KjGrgesg,@lyacausa,13
autor::UCQM2tCKRRytVDRxNUfCDqQQ,UCQM2tCKRRytVDRxNUfCDqQQ,@elioelias7267,9
autor::UCQMMuADgqWUOcJpLwHOzC-g,UCQMMuADgqWUOcJpLwHOzC-g,@Ripped-Yoda,1
autor::UCQ_-LPP8JAbfkc-b1Q6NvWw,UCQ_-LPP8JAbfkc-b1Q6NvWw,@MegaKristenstewart,3
autor::UCQgYjVngJRfPHDLGB5X6ZjA,UCQgYjVngJRfPHDLGB5X6ZjA,@oscarnavas9996,3
autor::UCQqetiwzzmRNTM5OWuXarGQ,UCQqetiwzzmRNTM5OWuXarGQ,@isaiaslopezvelasquez1539,3
autor::UCQqlPPUGqAfWjd-FSh_qn7Q,UCQqlPPUGqAfWjd-FSh_qn7Q,@estuardoargueta137,8
autor::UCQtICyzWmhC5woCtbNgaSmg,UCQtICyzWmhC5woCtbNgaSmg,@nestormendez6216,3
autor::UCQtSFINs1h6GHkpg9o5kMvg,UCQtSFINs1h6GHkpg9o5kMvg,@MacarioMartinezruiz,3
autor::UCQyOePccUP-fIJYzchAgZYw,UCQyOePccUP-fIJYzchAgZYw,@aguilar4254,8
autor::UCRAquv8el-tQ30bN7MlmySQ,UCRAquv8el-tQ30bN7MlmySQ,@iamjimalesssa,8
autor::UCRETAiYdh2dL5ZxB0_N1zDA,UCRETAiYdh2dL5ZxB0_N1zDA,@Joseroland21,3
autor::UCRcSR3Lvn9DZAmJpVPANfZQ,UCRcSR3Lvn9DZAmJpVPANfZQ,@WalksandSuch,5
autor::UCRelkU8JiZBytTzebJxaa-w,UCRelkU8JiZBytTzebJxaa-w,@danyraymundo2942,3
autor::UCRfkkatKrNtAARnXMMYBGlA,UCRfkkatKrNtAARnXMMYBGlA,@BernerSoza-mg3vx,0
autor::UCRlCV9zSn7avAWh-9_XFWqQ,UCRlCV9zSn7avAWh-9_XFWqQ,@ronyarana8849,3
autor::UCRvPToDkkumha7WJAfCDk1A,UCRvPToDkkumha7WJAfCDk1A,@ligiaguerra3057,8
autor::UCRznz9-N3Qc1w-qNdLSIY2Q,UCRznz9-N3Qc1w-qNdLSIY2Q,@jimmygomez724,5
autor::UCSTAUWVc1_82DHYeqOsqEFA,UCSTAUWVc1_82DHYeqOsqEFA,@TheAlexX_C,5
autor::UCSou6a2OuYGSvPjm5psquyA,UCSou6a2OuYGSvPjm5psquyA,@FranciscoRivera-sf7ne,3
autor::UCTD6q1nyIe3Y7HhqjaMj72w,UCTD6q1nyIe3Y7HhqjaMj72w,@JuanChang-r6k,3
autor::UCTP3O0rMnc8z8v8jaDQwL0w,UCTP3O0rMnc8z8v8jaDQwL0w,@RobertoZelaya-x1v,3
autor::UCTTILH6QCIxbTnEWxwRqs1g,UCTTILH6QCIxbTnEWxwRqs1g,@3762Jorge,11
autor::UCThW2XNsAaBKme5PUt7n-Zg,UCThW2XNsAaBKme5PUt7n-Zg,@thelmamoran8565,3
autor::UCTwSut16JyAg3mX6LVUNGqA,UCTwSut16JyAg3mX6LVUNGqA,@SuperVictor2005,3
autor::UCTylKrsqkrBKIqubMu_5N0Q,UCTylKrsqkrBKIqubMu_5N0Q,@edwingeovanymarroquinmarro6684,3
autor::UCUIIIPTVDVHAXqhC_5V6lPA,UCUIIIPTVDVHAXqhC_5V6lPA,@gorrarota,3
autor::UCUoYsrx1oZnCZ0usbBJn4fA,UCUoYsrx1oZnCZ0usbBJn4fA,@AnaDiaz-re9sq,8
autor::UCV0iizTBoOfdAFX_thfI9BA,UCV0iizTBoOfdAFX_thfI9BA,@BenjaminLarios-jd8nk,3
autor::UCV0lM03g5fg5pbPj97-sAtA,UCV0lM03g5fg5pbPj97-sAtA,@genarodelgado3929,8
autor::UCV3fr-YOixFKCZBbJP1-X4w,UCV3fr-YOixFKCZBbJP1-X4w,@albertoshernandez5251,0
autor::UCVC2QugcI1G4RvlCiUqd1aQ,UCVC2QugcI1G4RvlCiUqd1aQ,@rwdm76,11
autor::UCVQf0tzL7xRzFJsABVVULpg,UCVQf0tzL7xRzFJsABVVULpg,@DennisseLopetegi,0
autor::UCVdjCrh4tQoX3haNAZv-n5A,UCVdjCrh4tQoX3haNAZv-n5A,@aurahernandez5646,1
autor::UCVhif9eV0f8plICen2DnpKA,UCVhif9eV0f8plICen2DnpKA,@blogarteplus,11
autor::UCW-JC6lebVmf2P1dmY_L94g,UCW-JC6lebVmf2P1dmY_L94g,@dinoraoroxon5771,8
autor::UCW80DaMjQlEUibC98Cot-Dg,UCW80DaMjQlEUibC98Cot-Dg,@rogeraldana4289,8
autor::UCWIZUtKJ636y-4TYrNvok0g,UCWIZUtKJ636y-4TYrNvok0g,@cesarandreas7824,3
autor::UCWWkebAekppaL5b5CNlppuw,UCWWkebAekppaL5b5CNlppuw,@ninettmartinez425,13
autor::UCWaRixDdpgllTBf4V0jPnKQ,UCWaRixDdpgllTBf4V0jPnKQ,@hectormaaz5523,0
autor::UCWoAVGVqCn4xtINCMOTM4jg,UCWoAVGVqCn4xtINCMOTM4jg,@OmarMartinez-vv8re,8
autor::UCWvntqPQx99k_Z_skWKqNSA,UCWvntqPQx99k_Z_skWKqNSA,@AntonioChiyal-x5s,0
autor::UCXN2s7DwTJm33xO-pNkAdaA,UCXN2s7DwTJm33xO-pNkAdaA,@edithsan7688,0
autor::UCXO1BBohNWXkK9SBDAG2ySg,UCXO1BBohNWXkK9SBDAG2ySg,@JBFlute92,11
autor::UCXSkL3ejZ8qWYyF_M7s_QKA,UCXSkL3ejZ8qWYyF_M7s_QKA,@JacintaTzoy,3
autor::UCXVLc8CmAO813ubM-fLvCDw,UCXVLc8CmAO813ubM-fLvCDw,@herminiasaquimux7565,11
autor::UCXXh7yg5KUFIWylTiKVEFKQ,UCXXh7yg5KUFIWylTiKVEFKQ,@MrDuenderojo,3
autor::UCXgr7vXlRrsaskPdo097kGA,UCXgr7vXlRrsaskPdo097kGA,@Rogergh-nw4oj,3
autor::UCXl30Y_upRqbti52fmjK4YA,UCXl30Y_upRqbti52fmjK4YA,@capitanfrans,11
autor::UCXmrpc6Li0spcKxtS0Q_ptg,UCXmrpc6Li0spcKxtS0Q_ptg,@melvinperez6710,5
autor::UCXr8_5WtGeipe4haOoQDgyQ,UCXr8_5WtGeipe4haOoQDgyQ,@amyherrera7352,3
autor::UCY7Hq7F9Lnucf-Yr6JkHZNw,UCY7Hq7F9Lnucf-Yr6JkHZNw,@maynorcalel1442,5
autor::UCYN4wSQ1Sx4_LurxLlW7MPg,UCYN4wSQ1Sx4_LurxLlW7MPg,@belarminavillatoro6474,3
autor::UCYwpX26TrCxq8TvbKGRYLXA,UCYwpX26TrCxq8TvbKGRYLXA,@beneficioelcaminovillacana8540,3
autor::UCZ51R_9Q9C0c8I3pAWhtmjQ,UCZ51R_9Q9C0c8I3pAWhtmjQ,@belvettzapeta1251,3
autor::UCZFQwqh90apuL8eFhvRBkUg,UCZFQwqh90apuL8eFhvRBkUg,@luisricardo9671,0
autor::UCZIQnb1fkwe39Iw2TAu-bGA,UCZIQnb1fkwe39Iw2TAu-bGA,@jorgegomez2237,11
autor::UCZLG9qH0tUjNhEGFIUt0CYw,UCZLG9qH0tUjNhEGFIUt0CYw,@SoniaMarroquin-y6e,3
autor::UCZOmq6MwFDVoCaEl99BRRaw,UCZOmq6MwFDVoCaEl99BRRaw,@daniloarevalo3170,11
autor::UCZeIIQrGAedW8tCbKWmGY-A,UCZeIIQrGAedW8tCbKWmGY-A,@mariocordon8873,8
autor::UCZjm6U576nX8WOiLhmMR3bw,UCZjm6U576nX8WOiLhmMR3bw,@MariaNavarroYT,1
autor::UC_3xuTXvMIWU5MYP9HkJ3vQ,UC_3xuTXvMIWU5MYP9HkJ3vQ,@Historia-wm4os,0
autor::UC_6KbBY1bsYXz9fwFS0eQRg,UC_6KbBY1bsYXz9fwFS0eQRg,@imrcp5694,11
autor::UC_LYoGs5C3mbZKZuKuqYCvw,UC_LYoGs5C3mbZKZuKuqYCvw,@javiercifuentesarchila6041,8
autor::UC_NRVt2UP88ZNTwzrZ66JSg,UC_NRVt2UP88ZNTwzrZ66JSg,@aditalissethevasquezrojas8039,12
autor::UC_ljZ1hZXR9pzexFz87P5ZA,UC_ljZ1hZXR9pzexFz87P5ZA,@ChRiStOpHeR7969,5
autor::UCa36MjQLoPAmgJo-R3G8WQA,UCa36MjQLoPAmgJo-R3G8WQA,@elsasalguero6914,0
autor::UCaKAjTW9MVub_clgr4DRYjQ,UCaKAjTW9MVub_clgr4DRYjQ,@josecastillo4390,8
autor::UCaT4saRcyqCLE657Rq2hhZQ,UCaT4saRcyqCLE657Rq2hhZQ,@elmilenial4064,0
autor::UCaT6M2zp7X6r6Whd8Vv3kHQ,UCaT6M2zp7X6r6Whd8Vv3kHQ,@alexarcos8349,5
autor::UCat2qkYvqmtDNEmo2PVuhXw,UCat2qkYvqmtDNEmo2PVuhXw,@DoraSalas-j5o,1
autor::UCbNanjFI51cwGqMAb2rOrBw,UCbNanjFI51cwGqMAb2rOrBw,@RosaMontesdeOca777,1
autor::UCbYoNG5J3Au5BqtbXogfEFw,UCbYoNG5J3Au5BqtbXogfEFw,@Luis-gn3fj,0
autor::UCbrtvygfRT6QXqWDNrOf-cA,UCbrtvygfRT6QXqWDNrOf-cA,@Alejandro00710,11
autor::UCcFIBN-rtC3d3hXeuN5TfWw,UCcFIBN-rtC3d3hXeuN5TfWw,@DenisRMC,11
autor::UCc_F88PzGWtA1OPNUEASulA,UCc_F88PzGWtA1OPNUEASulA,@rockyscarlet,11
autor::UCcfdg8crmMJwEuLUsAhV7yg,UCcfdg8crmMJwEuLUsAhV7yg,@RolandoRaguay,3
autor::UCdFlugHJJa4l3YqWuNRmvXw,UCdFlugHJJa4l3YqWuNRmvXw,@MarcosCarillo-b1r,8
autor::UCdQAuWwyC99MB7Y02Umj26Q,UCdQAuWwyC99MB7Y02Umj26Q,@miguelbran1268,11
autor::UCe8JZoYkX5oKUZyivHYdXhw,UCe8JZoYkX5oKUZyivHYdXhw,@FernandoGarcia-jg1fj,8
autor::UCeDNEtI8_a42bZ47wJiJMwQ,UCeDNEtI8_a42bZ47wJiJMwQ,@EdgarcalderonCalderong,8
autor::UCeQk-WfEA-cJRq4EKeE7TOw,UCeQk-WfEA-cJRq4EKeE7TOw,@franciscojuarez9223,0
autor::UCefAH1MbvADWUjE9WVcB9EQ,UCefAH1MbvADWUjE9WVcB9EQ,@jabriz8152,11
autor::UCf5lnNZF7Qrtli9v4N_23WQ,UCf5lnNZF7Qrtli9v4N_23WQ,@CarlosCortez-v5r,0
autor::UCfM3nrxtTQMY5jFx1v1J4Gg,UCfM3nrxtTQMY5jFx1v1J4Gg,@edgarroldan5539,3
autor::UCfRqgt2O-vjzUDMZY_tnxQw,UCfRqgt2O-vjzUDMZY_tnxQw,@Williams-Garcia67E,8
autor::UCfXykdbSU97rj987LDUGfvg,UCfXykdbSU97rj987LDUGfvg,@MariaSantos-c8y3h,0
autor::UCfjhejO7LZy4doXURa7LZCQ,UCfjhejO7LZy4doXURa7LZCQ,@HonwayLee-z5g,0
autor::UCfo_yUPzy1f1POwwZxhZ06Q,UCfo_yUPzy1f1POwwZxhZ06Q,@lara11roberto,0
autor::UCg3eIfd7BrsLEqS0BLkftHA,UCg3eIfd7BrsLEqS0BLkftHA,@ErmePérez-q4s,0
autor::UCgGqw4aqMdMVSGkKiMgrJRQ,UCgGqw4aqMdMVSGkKiMgrJRQ,@pattyfigueroa5609,0
autor::UCgJNFj5dnxXpcMvmuhZDPxA,UCgJNFj5dnxXpcMvmuhZDPxA,@NataliaRodriguez-rx5mr,8
autor::UCgLrWFdYitoP-b7-PxtUr-w,UCgLrWFdYitoP-b7-PxtUr-w,@zetag,5
autor::UCgLurCo-e019HGODcjXHWCw,UCgLurCo-e019HGODcjXHWCw,@perritojuega1,5
autor::UCgQJgI9vu1FI2dnC9mrFthw,UCgQJgI9vu1FI2dnC9mrFthw,@srms70,0
autor::UCgQw_Sbq3ugruDUKsq1e0-A,UCgQw_Sbq3ugruDUKsq1e0-A,@marlenareano-h4t,8
autor::UCgvw7xIdGFupzpt1Y_BFkEA,UCgvw7xIdGFupzpt1Y_BFkEA,@fredygarcia9151,3
autor::UCh5ESQvtzyHDhCA7XyekCFA,UCh5ESQvtzyHDhCA7XyekCFA,@andyB5280,3
autor::UChT7pzGytNd92Nmvi-zuWog,UChT7pzGytNd92Nmvi-zuWog,@sparkvalkov,11
autor::UChZknRmJkeGeQk0-mQuhDOg,UChZknRmJkeGeQk0-mQuhDOg,@OdilioRodríguez-c5w,3
autor::UCheEJ5GZuIvV0fj-nXyVwXw,UCheEJ5GZuIvV0fj-nXyVwXw,@rosaoliva9389,0
autor::UChep9kVb5gQmpodEEl10Xlg,UChep9kVb5gQmpodEEl10Xlg,@carlosaguilar-kz7ml,3
autor::UChgkn5Jt5tWKYMoEOuCjz3Q,UChgkn5Jt5tWKYMoEOuCjz3Q,@pablochitay46,3
autor::UChs3tU2BcKOT0CezykvAsGw,UChs3tU2BcKOT0CezykvAsGw,@byronpontaza,3
autor::UChyps3dqY-VY1_wLeq-2lhw,UChyps3dqY-VY1_wLeq-2lhw,@maydamorales4395,0
autor::UCi-vPdnpQreC7BkFs40mJGA,UCi-vPdnpQreC7BkFs40mJGA,@bryansicasales4280,5
autor::UCi1b_TRQfgO1Z9O2gNGGWNA,UCi1b_TRQfgO1Z9O2gNGGWNA,@davidisraelesquitsaquil,3
autor::UCi2KiZq63sRq8Mfbcp-MelQ,UCi2KiZq63sRq8Mfbcp-MelQ,@eugeneramirez4405,1
autor::UCiC-Jn7wdgyQV4_Urk0DkWQ,UCiC-Jn7wdgyQV4_Urk0DkWQ,@pedroros6358,8
autor::UCiGRBf2RNF0WRKhRVT7zFoA,UCiGRBf2RNF0WRKhRVT7zFoA,@edwinavila4876,3
autor::UCiMythXHsw7eQEMykCdmMUA,UCiMythXHsw7eQEMykCdmMUA,@JavierBecerra-h6x,3
autor::UCiOZX__1gahg1ypIj0_XG_w,UCiOZX__1gahg1ypIj0_XG_w,@mariogonzalezorellana8956,0
autor::UCipetjeiWj4CZB6EbyYziZg,UCipetjeiWj4CZB6EbyYziZg,@OseasSamayoa-ol5rz,3
autor::UCj-LL25XJnjxepPKCc3NGog,UCj-LL25XJnjxepPKCc3NGog,@anaaguirre8985,3
autor::UCjJf-AJKRFFWtiN-CSwkDmA,UCjJf-AJKRFFWtiN-CSwkDmA,@2jose82,11
autor::UCjSKM9j0Q7HLDr1hD6D-TUw,UCjSKM9j0Q7HLDr1hD6D-TUw,@josehidalgo4875,3
autor::UCjZgFEowMBrsjodqfovzdKw,UCjZgFEowMBrsjodqfovzdKw,@franciscoflores3120,0
autor::UCjmPuazZJzscrwvk0QR9RVw,UCjmPuazZJzscrwvk0QR9RVw,@mynorrodas8591,3
autor::UCk4O-J1BhoqPmig1KLGJePA,UCk4O-J1BhoqPmig1KLGJePA,@lazarobarillas3575,8
autor::UCkVtmkK07b2zaVVNssX4lOg,UCkVtmkK07b2zaVVNssX4lOg,@HectorElias-u2l,8
autor::UCkbsS_3D-pvg1iHOld9uvIg,UCkbsS_3D-pvg1iHOld9uvIg,@gonzalo6075,8
autor::UCkd9W714-947dEE6ZOEBATA,UCkd9W714-947dEE6ZOEBATA,@ARGELIATELON,3
autor::UCkxdJ_yGN2gghOMo2ybQtXQ,UCkxdJ_yGN2gghOMo2ybQtXQ,@11223344An,11
autor::UCl0ekS9Tt0jJGtOEM18S63w,UCl0ekS9Tt0jJGtOEM18S63w,@monkchapin,3
autor::UCld2stqxaVSk0QdGncM224A,UCld2stqxaVSk0QdGncM224A,@sarahernandez3873,6
autor::UClhMWQ7XKWywYvbRnuf8QsA,UClhMWQ7XKWywYvbRnuf8QsA,@EcPerez-zz9oh,8
autor::UCljDbleJul41G1TzOjOZAVA,UCljDbleJul41G1TzOjOZAVA,@hectorcarranza3777,3
autor::UClqA491Xa5fQcXcJJa-vTWw,UClqA491Xa5fQcXcJJa-vTWw,@AndresLemus-k2d,8
autor::UClsrFGJKWPxxw7MiaEdKLXw,UClsrFGJKWPxxw7MiaEdKLXw,@ericapaz5406,0
autor::UCmjppp6ujz3SAnULvP3sZMw,UCmjppp6ujz3SAnULvP3sZMw,@marcomendez7509,3
autor::UCmvOgzmmXbjUthHy-WJ52hQ,UCmvOgzmmXbjUthHy-WJ52hQ,@mariorodas593,3
autor::UCnU8wO1OurAmGstDw6VGjgQ,UCnU8wO1OurAmGstDw6VGjgQ,@cmorera21,11
autor::UCoGdCoJg2Lh0OX_jv6cG16g,UCoGdCoJg2Lh0OX_jv6cG16g,@Israel-u5i7i,0
autor::UColMq7LmaoY3MT6aIDGrGvA,UColMq7LmaoY3MT6aIDGrGvA,@quijotachapina1,8
autor::UCozFYHN0e_-vlQbX3wQGOug,UCozFYHN0e_-vlQbX3wQGOug,@jesusguzman2321,1
autor::UCp29O_C7cchZV8IxV7Crdag,UCp29O_C7cchZV8IxV7Crdag,@robertoescobar5507,0
autor::UCp4iw5_5SmV9VGTFSNVGOmQ,UCp4iw5_5SmV9VGTFSNVGOmQ,@CARLOSSTREMS51,3
autor::UCpIdtvoFHVLGASGB5ySqIEA,UCpIdtvoFHVLGASGB5ySqIEA,@VidalVillatoro-p4w,3
autor::UCp_dAUfv8i3LW3zWc24dLaQ,UCp_dAUfv8i3LW3zWc24dLaQ,@MarioCortez-o6v,1
autor::UCpe5jW3MIqkgTJ-PgkzvM6Q,UCpe5jW3MIqkgTJ-PgkzvM6Q,@carloslam5333,8
autor::UCpl8rF8uv_8uui-QRvuJaRA,UCpl8rF8uv_8uui-QRvuJaRA,@SergioGarcia-z9c,3
autor::UCplrIQtaPj6au60_f2-mOYw,UCplrIQtaPj6au60_f2-mOYw,@romeolopezherrarte799,3
autor::UCpsKOkt5iWTbenzeuq7dsmQ,UCpsKOkt5iWTbenzeuq7dsmQ,@inge_vergueta,8
autor::UCq3mDTTRZnUybct5M9OSXbg,UCq3mDTTRZnUybct5M9OSXbg,@MacoMorales-i2i2d,0
autor::UCqCrvuoJpC-aVb0f4logQRQ,UCqCrvuoJpC-aVb0f4logQRQ,@Lyrics_GT,8
autor::UCqilIa8r7iek5sGYg_q6ofA,UCqilIa8r7iek5sGYg_q6ofA,@rolandojuchuna484,5
autor::UCql1n3Ey6ULMSOACjMe-fxQ,UCql1n3Ey6ULMSOACjMe-fxQ,@RolandoGonzalez-o7g,0
autor::UCr1emrogPKkKTs_WTtx71xg,UCr1emrogPKkKTs_WTtx71xg,@domingopeneleu6457,3
autor::UCrJn_rbo_ENAdeqneS-RmRw,UCrJn_rbo_ENAdeqneS-RmRw,@josecarrera9623,3
autor::UCrqXyRsg-_hTosURZ-uvoKg,UCrqXyRsg-_hTosURZ-uvoKg,@flornolberto2425,1
autor::UCsGoJEvb-cFPZ2rWoJcXzEQ,UCsGoJEvb-cFPZ2rWoJcXzEQ,@sergiohinestroza9709,8
autor::UCsJJAvrVGupdmhOqgtDp8dg,UCsJJAvrVGupdmhOqgtDp8dg,@nestorlorenzana1168,3
autor::UCsSXdJct-nsS8DsABoEsaYA,UCsSXdJct-nsS8DsABoEsaYA,@IvánPérez-j4j,3
autor::UCsUCN0Yq_UyTvKjOJLmNrnQ,UCsUCN0Yq_UyTvKjOJLmNrnQ,@moisesvaldez4043,3
autor::UCs_5qeqdku9tGAq22y3OcuQ,UCs_5qeqdku9tGAq22y3OcuQ,@alexandrevasquez4135,5
autor::UCsjs5Hp_r86x1xbK6FAeqaA,UCsjs5Hp_r86x1xbK6FAeqaA,@alvaroesquivel563,3
autor::UCtCtts20bW6F9CSohau51Iw,UCtCtts20bW6F9CSohau51Iw,@carlosgranados9875,0
autor::UCtMBF_1O2jY2INlb_luuB_A,UCtMBF_1O2jY2INlb_luuB_A,@mynorgudiel8646,5
autor::UCtNfIBnc5S5DbbQj_yxgJTw,UCtNfIBnc5S5DbbQj_yxgJTw,@JosueRamirez-ey3ih,3
autor::UCtNyHmRZtvGF2hSvI2dUBWw,UCtNyHmRZtvGF2hSvI2dUBWw,@aureliomaldonado4793,0
autor::UCtUR3_CAiE7fCoZHM6cMfyQ,UCtUR3_CAiE7fCoZHM6cMfyQ,@mdelcid01,3
autor::UCtiHFjFu7d5v2XxHnKFUYig,UCtiHFjFu7d5v2XxHnKFUYig,@Paul-gf7ec,1
autor::UCtowGNY2lnlg6O2CkwDgkLg,UCtowGNY2lnlg6O2CkwDgkLg,@taniagabrielacelis8434,6
autor::UCtsxPYw8VUsH_FfnKg-0lmw,UCtsxPYw8VUsH_FfnKg-0lmw,@AlejandroPérez-b6r,0
autor::UCu8_3-Wg-YzNyvHYQDEscfw,UCu8_3-Wg-YzNyvHYQDEscfw,@RolandoCastroPérez-d7y,8
autor::UCuP4UK33HKtJE_S39ksmaTw,UCuP4UK33HKtJE_S39ksmaTw,@herbertaguilar1387,0
autor::UCuXmOjxC-htcprLgeVXz6Tg,UCuXmOjxC-htcprLgeVXz6Tg,@jorgeaguilar-bq3uj,8
autor::UCueV9cTyTDwgQSec1x2dYgA,UCueV9cTyTDwgQSec1x2dYgA,@fredydomingo7062,3
autor::UCujPF2nBgsTD62nWE3lcpIg,UCujPF2nBgsTD62nWE3lcpIg,@victorarturoruanobautista7588,3
autor::UCusjriFsDHEc2AOjqk-p5ig,UCusjriFsDHEc2AOjqk-p5ig,@pablobarrios7931,0
autor::UCut6b9S98nv84cVX89PmKzA,UCut6b9S98nv84cVX89PmKzA,@yeniferaguirre4498,3
autor::UCvApqeCbLod-wejtT4CcVuA,UCvApqeCbLod-wejtT4CcVuA,@davidgaher9550,3
autor::UCvDwJBBY1mHK70aTEYl6rsA,UCvDwJBBY1mHK70aTEYl6rsA,@cristianescobedo8296,0
autor::UCvcu1kR8xMYy_I1Ty-2mV2Q,UCvcu1kR8xMYy_I1Ty-2mV2Q,@hashojea7348,11
autor::UCvl1tzQeBeGy6efPTRJXSCw,UCvl1tzQeBeGy6efPTRJXSCw,@RaulPerez-cw2vi,0
autor::UCwCfs-2zbD5k0lG-UVg_JBw,UCwCfs-2zbD5k0lG-UVg_JBw,@JessicaHuaz-96,0
autor::UCwEe1RKlEv1UpNWmWYfSh4w,UCwEe1RKlEv1UpNWmWYfSh4w,@marioramirez299,11
autor::UCwO2SXr0ggzwg6QWWrr01nQ,UCwO2SXr0ggzwg6QWWrr01nQ,@ricardofigueroa5720,3
autor::UCwUAv3_LpWVtTIi7lkmTL7A,UCwUAv3_LpWVtTIi7lkmTL7A,@kingr4706,5
autor::UCwW2OFy95P7ZBkOPxWkpvYg,UCwW2OFy95P7ZBkOPxWkpvYg,@TeresaLucero-b5o,3
autor::UCwgCc9Jd_gG-uLE_SY-FfPg,UCwgCc9Jd_gG-uLE_SY-FfPg,@armindapenados2841,8
autor::UCwha8rxULYMVtNwZWeSkE1A,UCwha8rxULYMVtNwZWeSkE1A,@mariasamo8637,3
autor::UCwjUvRseNtJoItylIyIez7Q,UCwjUvRseNtJoItylIyIez7Q,@Silviazea,8
autor::UCwxoKK59nGCeBqB2sXfDBIw,UCwxoKK59nGCeBqB2sXfDBIw,@vic-bonivideos,0
autor::UCxKR3RA8T-kxMgq_2WWhRcQ,UCxKR3RA8T-kxMgq_2WWhRcQ,@elenaluarca9377,5
autor::UCxcoDvP-g2_KTZDmVZtvb3w,UCxcoDvP-g2_KTZDmVZtvb3w,@angelmartinez9523,11
autor::UCxff05WuyvwELNITi7bj7UA,UCxff05WuyvwELNITi7bj7UA,@markoherrera,3
autor::UCxhtlxPV8AYWaNNyU6S9H8Q,UCxhtlxPV8AYWaNNyU6S9H8Q,@WilR-s8r,1
autor::UCyJhqmMbsvjpoarBBStA2kg,UCyJhqmMbsvjpoarBBStA2kg,@Murmullodelbarrio,0
autor::UCySYJU5kUh7X8gVt9la2ISA,UCySYJU5kUh7X8gVt9la2ISA,@dantesarti4351,3
autor::UCyW68EGZey4ao_Vf2cR5Ztg,UCyW68EGZey4ao_Vf2cR5Ztg,@ZabalaXabier,11
autor::UCylqlpsh8ENNM1LqgQ1KbxA,UCylqlpsh8ENNM1LqgQ1KbxA,@Jel.Awesh.M,8
autor::UCyor0Mmm0ivLX2jIdyGp84Q,UCyor0Mmm0ivLX2jIdyGp84Q,@MiguelJordan-n3g,2
autor::UCyzf29IYjNw67gGIfsjgtxA,UCyzf29IYjNw67gGIfsjgtxA,@carlosoliva9249,5
autor::UCz3gu01bmjNv0DpRq-K3XYg,UCz3gu01bmjNv0DpRq-K3XYg,@eusebiovasquez4385,3
autor::UCzSfZlOVxBSs5ObD25ywxDQ,UCzSfZlOVxBSs5ObD25ywxDQ,@GilmarMaldonado-q9m,3
autor::UCzZ6dDCEsLMXbc5pCFXIprw,UCzZ6dDCEsLMXbc5pCFXIprw,@josegil3813,0
autor::UCzoL2l5H5eVlorWGH8AZfAg,UCzoL2l5H5eVlorWGH8AZfAg,@jor77cas,3
