hashtag,frecuencia
guatemala,48
larondagt,29
noticias,14
envivodca,12
nacionales,7
like,7
comenta,7
comparte,7
siguenos,7
protegeryservir,6
noticiasguatemala,6
pnc,5
pncguatemala,5
policia,5
seguridadcontransparencia,5
ciudaddeguatemala,5
aerometrogt,4
civ,4
historia,4
mexico,4
infraestructura,4
movilidad,4
estadosunidos,4
sat,4
politica,3
guate,3
conostimegt,3
viajes,3
bienestar,3
elmejorlugarparavivir,3
muniguate,3
política,3
viralvideo,3
resumen24horas,2
codede,2
cadenanacional,2
diálogocentral,2
méxico,2
transporte,2
guatemalatravel,2
guatemalacity,2
sismosjutiapa,2
tse,2
seguridad,2
aaronherrera,2
detodogt,2
cultura,2
supergt,2
impactosocial,2
antigua,2
quorum,2
tránsitogt,2
claudiasheinbaum,2
amlo,2
noroña,2
turismoguatemala,2
1,2
noticiastelemundo,2
davidchapin,2
canalesrobosymentiras,2
viral,2
viraltiktok,2
foryoupage,2
fyp,2
fypyoutube,2
fypp,2
mrcharlie,2
quechilero,2
estafa,2
españa,2
salvador,2
todos,2
seguridadvial,2
autopistaxochi,2
retalhuleu,2
irtra,2
tráficogt,2
pan,2
parati,2
infom,2
viralshort,2
conred,1
volcándefuego,1
lhencontexto,1
sinmáscaras,1
aprendeconconred,1
laprevenciónestareadetodos,1
alas7am,1
miprimeracasa,1
lacharla,1
justicia,1
petróleomexicano,1
soberaníaenergética,1
pemex,1
noticiasméxico,1
fronterasur,1
huachicol,1
últimahora,1
tips,1
recomendaciones,1
internet,1
noticiasenvivo,1
noticiasenespañol,1
bukele,1
bukelevspandillas,1
nayibukele,1
elsalvador,1
guatemala502,1
historiadeguatemala,1
rafaelcarrera,1
elprofedehistoriagt,1
independenciaguatemala,1
fundacióndelarepublicadeguatemala,1
poliitica,1
petén,1
tikal,1
campustv,1
victorinocarranza,1
gremipe,1
mipymeshonduras,1
empleohn,1
economíahonduras,1
noticiashonduras,1
ríodulce,1
izabal,1
paraísoescondido,1
aventura,1
explorandoguatemala,1
paulinog,1
deportes,1
visióndeciudad,1
ricardoquiñónez,1
somosinsivumeh,1
pasiónporlaciencia,1
alpueblodignoseleresponde,1
climagt,1
cervezagallo,1
familiacastillo,1
cerveza,1
chapin,1
fortunalatina,1
250añosciudad,1
elpuntodeencuentrodeloscaminos,1
pandillas,1
inseguridad,1
semanasanta2023,1
cucuruchoenguatemala,1
tradiciones,1
trafico,1
educación,1
giammattei,1
jimmymorales,1
traficogt,1
policía,1
barrio18,1
latinoamérica,1
migracion,1
libertad,1
lagoatitlan,1
antiguaguatemala,1
tipsguatemala,1
redfantasma,1
cerimedo,1
bots,1
chile,1
rechazo,1
plebiscito2022,1
granjasdebots,1
politicadigital,1
desinformacion,1
investigacion,1
claudiasheinbaumpresidenta,1
conferenciamatutina,1
mañaneradelpueblo,1
mañanera,1
deultimahora,1
alitomoreno,1
lillytéllez,1
aerometro,1
metro,1
megaproyectos,1
construccion,1
obras,1
onelifegt,1
desarrollo,1
cableaereo,1
busesmodificados,1
exhibicióndebuses,1
culturadetransporte,1
coloresyluces,1
artesobreruedas,1
culturaguatemalteca,1
tráfico,1
crisisnacional,1
emetra,1
fundesa,1
guatemalaurgente,1
republicast,1
cuidadoanimal,1
medioambiente,1
deportaciones,1
frontera,1
algosólidoestábrotando,1
jutiapa,1
dianitaherrerazepeda,1
mpgtv,1
canalrobosymentiras,1
provial,1
brigadasqueprotegen,1
tránsitoseguro,1
capacitarsalvavidas,1
busesdeguatemala,1
aventurachapina,1
tradicionesdeguatemala,1
viajarporguatemala,1
guatemalareal,1
busesrojos,1
miedosuperado,1
innovamosparati,1
unaciudadparacrecer,1
carros,1
elatasco,1
viajesguatemala,1
reu,1
viajesgt,1
onelife,1
cocales,1
backpackingguatemala,1
centralamericatravel,1
slowtravel,1
trafficnoise,1
citysounds,1
urbanambience,1
streetsounds,1
whitenoise,1
tercerinformegt,1
elañodeloslogros,1
21kmuniguate,1
42kmuniguate,1
inspirandosueños,1
fuerzaguate,1
elcivnosedetiene,1
rafael,1
fundación,1
unlugarqueavanza,1
laciudadestucasa,1
vivelaciudad,1
unaciudadparaconocer,1
mpgt,1
fuerteslluvias,1
rap,1
music,1
paypal,1
pri,1
prian,1
traicion,1
losperiodistas,1
adelamicha,1
corrupcion,1
haytiro,1
andrésmanuellópezobrador,1
periodista,1
markocortés,1
alito,1
alejandromoreno,1
corruptos,1
lilly,1
calderon,1
felipecalderón,1
felipe,1
mañanerahoy,1
senadomexicano,1
zona15,1
zona16,1
zona5,1
zona4,1
movilidadurbana,1
eltrébol,1
rutaalterna,1
tránsito,1
tráficosincensura,1
conectividad,1
occidente,1
pmt,1
movilidadgt,1
viralgt,1
derechoparatodos,1
medidasdeseguridad,1
derechopenal,1
educaciónlegal,1
podcastjurídico,1
usac,1
fuentesdelnorte,1
xela,1
busesgt,1
juntoslogramosmás,1
unaciudadparavivir,1
crisis,1
agua,1
periodismo,1
cadf,1
lasmañasdelnegocio,1
soypilas,1
accionesquetransforman,1
valoratuvida,1
turutaconresponsabilidad,1
unidostransformamosguatemala,1
tuvidavale,1
vídeo,1
turismo,1
lacasadelasmunicipalidades,1
empagua,1
aguaparatodos,1
gestióncomunitaria,1
cooperaciónjapónguatemala,1
transformaciónterritorial,1
gloriaálvarez,1
asíveolascosas,1
centroamérica,1
jorgeramos,1
notetoca,1
alcaldia,1
chistes,1
corrupción,1
eleccionesgenerales,1
malchiste,1
shortsvideo,1
shots,1
shortsfeed,1
shortsyoutube,1
shortsviral,1
shorts_video,1
serviciosocial,1
búsqueda,1
lasmañasdelmercado,1
leydecompetencia,1
inclusión,1
ineptobran,1
