termino,frecuencia
pueblo,56
guatemala,52
dinero,34
presidente,32
país,31
trabajo,30
diputados,28
corruptos,24
hacer,23
diputado,22
excelente,21
bueno,21
pais,21
sueldo,17
dios,17
qué,16
ahora,16
está,15
ver,14
hacen,14
van,14
personas,13
así,13
años,13
siempre,13
también,12
cosas,12
puede,11
hambre,11
almuerzo,11
pues,11
gobierno,11
bernardo,11
arevalo,11
señor,11
ley,11
proyecto,11
están,10
empresas,10
nunca,10
dice,10
gran,10
rodas,10
nadie,10
empresa,10
saludos,10
viva,9
quetzales,9
gente,9
información,9
usac,9
paguen,9
siguen,9
mientras,9
mejor,9
todas,9
congreso,9
cómo,9
salvador,9
problema,9
gusta,8
tiempo,8
internet,8
proyectos,8
haciendo,8
quiere,8
guate,8
seguir,8
nery,8
será,8
salario,8
bla,8
pagar,8
gastos,8
ciudad,8
ladrones,7
capital,7
muchos,7
ganan,7
periodistas,7
entiendo,7
corrupción,7
pagan,7
trabajar,7
verdad,7
corrupcion,7
justicia,7
comida,7
claro,7
menos,7
corrupto,6
reuniones,6
buen,6
nombre,6
tan,6
muchas,6
gratis,6
debe,6
guatemaltecos,6
políticos,6
puente,6
almuerzos,6
universidad,6
hablar,6
adelante,6
estudiantes,6
pasa,6
mercado,6
poder,6
cierto,6
you,6
favor,6
toda,6
entonces,6
vamos,6
aquí,6
mil,6
usa,5
dicen,5
busquen,5
dar,5
gana,5
verguenza,5
existen,5
sacar,5
buena,5
dijo,5
tanto,5
mucha,5
dan,5
paga,5
población,5
méxico,5
ojalá,5
tanta,5
pena,5
apoyo,5
buenos,5
cree,5
costillas,5
momento,5
sería,5
maya,5
mega,5
internacional,5
sera,5
seguridad,5
don,5
realidad,5
pacto,5
crimen,5
tren,5
muriendo,5
mes,5
mexico,5
desarrollo,5
vale,5
fiscal,4
propio,4
pie,4
blue,4
mínimo,4
alcanza,4
alimentos,4
familia,4
día,4
trabajan,4
pagamos,4
tenemos,4
igual,4
deje,4
mismas,4
fondos,4
anterior,4
delincuente,4
echo,4
éste,4
den,4
salen,4
puedan,4
vuelva,4
tipo,4
comen,4
señores,4
lugares,4
urge,4
sufriendo,4
servicios,4
ratas,4
anteriores,4
comer,4
cualquier,4
competencia,4
conocer,4
piensan,4
deberían,4
primero,4
libre,4
carreteras,4
canasta,4
dueño,4
lleva,4
vos,4
madre,4
hecho,4
comidas,4
general,4
nuestros,4
comparto,4
arévalo,4
cabal,4
trabajando,4
giammattei,4
casa,4
acuerdo,4
mano,4
jajaja,4
saben,4
felicitaciones,4
aún,4
tigo,4
fin,4
países,4
amigo,3
tengo,3
carcel,3
mafioso,3
mazariegos,3
hand,3
purple,3
peace,3
pequeño,3
plan,3
viene,3
datos,3
recarga,3
habla,3
llegan,3
bastante,3
csu,3
muriéndose,3
gasolina,3
medias,3
noche,3
comiendo,3
existe,3
lado,3
llegar,3
rector,3
junta,3
basta,3
mierda,3
programa,3
razón,3
hubiera,3
ningún,3
llega,3
rio,3
robar,3
salarios,3
político,3
aparte,3
niños,3
seria,3
san,3
ahí,3
asquerosos,3
iniciativa,3
trata,3
pasar,3
mexicanos,3
vez,3
ala,3
descarado,3
desnutrición,3
viendo,3
corazón,3
vídeo,3
criterio,3
ademas,3
calidad,3
parte,3
serán,3
presidentes,3
decir,3
hijos,3
mantenidos,3
vergüenza,3
saque,3
gobiernos,3
demás,3
pagando,3
trabaja,3
realmente,3
terminan,3
privilegios,3
viáticos,3
paiz,3
horas,3
luz,3
pobre,3
felicito,3
valor,3
unidos,3
turismo,3
mundo,3
queda,3
pequeña,3
quisiera,3
paquete,3
sino,3
legal,3
monopolio,3
caso,3
sinverguenzas,3
pasan,3
alguien,3
triste,3
cara,3
delincuentes,3
público,3
mismos,3
factura,3
todavía,3
trabas,3
siendo,3
llama,3
bendiga,3
despues,3
comunidad,3
vender,3
like,3
ojala,3
cuantos,3
terminar,3
buscar,3
persona,3
diferentes,3
buelta,3
termine,3
buenas,3
manera,3
futuro,3
nivel,3
cargo,3
instituciones,3
podemos,3
sigan,3
lucha,3
gastan,3
paso,3
falta,3
misma,3
pedazo,3
pisto,3
gastar,3
cuidad,3
sean,3
sueldos,3
ramos,3
ilegalmente,3
respeto,3
carros,3
llevando,3
mal,3
miembros,3
asta,3
pobres,3
orden,3
hasen,3
venden,3
principalmente,3
lugar,3
hablando,3
dicho,3
asen,3
vayan,3
hacerlo,3
cliente,3
ice,3
fibra,3
iban,3
sale,3
cuánto,3
hagan,3
buscan,2
policías,2
vestido,2
mujer,2
virtuales,2
lonchera,2
robando,2
redes,2
luego,2
mensaje,2
consumiste,2
consumo,2
has,2
utilizado,2
vas,2
cambio,2
oro,2
resolver,2
problemas,2
departamentos,2
reclama,2
realizan,2
restaurantes,2
luchando,2
juego,2
negativo,2
llamada,2
sanguijuelas,2
quedado,2
pata,2
lis,2
carro,2
dia,2
faltar,2
llamar,2
guatebella,2
eterna,2
amor,2
parece,2
entrevista,2
deportan,2
frontera,2
carteles,2
hacían,2
escuchar,2
quiero,2
nuevos,2
directiva,2
haciéndose,2
robo,2
estuvieron,2
indignante,2
estados,2
partidos,2
construcción,2
sucede,2
tantos,2
tampoco,2
importancia,2
ladrón,2
gustos,2
sinverguenzada,2
pajas,2
suena,2
robos,2
fondo,2
desnutridos,2
carlos,2
justificando,2
regresar,2
primera,2
julio,2
héctor,2
pérez,2
después,2
hablan,2
colmo,2
andan,2
caros,2
siii,2
colombia,2
administración,2
grupos,2
saquen,2
elecciones,2
facultades,2
guatemalteca,2
desayuno,2
construir,2
renuncie,2
manos,2
allan,2
patria,2
parlacen,2
dejen,2
acciones,2
ciudadano,2
segun,2
kiere,2
siga,2
pendejo,2
trabaje,2
contento,2
alto,2
hambriento,2
cuanto,2
especialmente,2
estoy,2
departamento,2
ase,2
beneficio,2
medicinas,2
grupo,2
cacif,2
justifica,2
cuantas,2
hombre,2
productivo,2
infelices,2
reportaje,2
tristeza,2
periodista,2
república,2
ciudadanos,2
unir,2
economía,2
hermanos,2
haci,2
renuncien,2
similar,2
interesante,2
mayoría,2
líneas,2
prepago,2
abusos,2
ejemplo,2
saldo,2
asignado,2
opté,2
quitar,2
cable,2
costos,2
final,2
satelital,2
comparator,2
alvaro,2
arzú,2
acaba,2
salir,2
mañoso,2
padre,2
tapan,2
públicos,2
costear,2
transporte,2
hablemos,2
diga,2
bolsillo,2
pagado,2
vida,2
espero,2
millonarios,2
destapo,2
existia,2
contamino,2
ampliacion,2
deudas,2
prestamos,2
concesiones,2
aeropuertos,2
puertos,2
millonario,2
eurobonos,2
basica,2
obtengan,2
regalo,2
dara,2
hijitos,2
implacable,2
omnipotente,2
nota,2
there,2
and,2
corruption,2
tel,2
bella,2
clase,2
explicación,2
harina,2
ineptos,2
logren,2
meten,2
ferrocarril,2
dejan,2
maravillas,2
bukele,2
dejando,2
terminen,2
comentario,2
risa,2
bujele,2
rolando,2
cuesta,2
chorros,2
fácil,2
crees,2
pollo,2
robado,2
creo,2
bendiciones,2
caja,2
recursos,2
deben,2
comprar,2
esperemos,2
facturas,2
criminal,2
masariego,2
sabe,2
condiciones,2
funcionario,2
acaso,2
transas,2
además,2
vista,2
negras,2
exelente,2
segunda,2
merecido,2
costo,2
básica,2
aranceles,2
importaciones,2
participan,2
pensar,2
fiesta,2
dudo,2
obra,2
pueden,2
escondidas,2
dietas,2
dejo,2
recuperar,2
urgente,2
quienes,2
puedo,2
tristes,2
cuento,2
produce,2
cabecera,2
vial,2
genera,2
quieren,2
oferta,2
combatir,2
delincuencia,2
demos,2
poner,2
darle,2
vuelta,2
soy,2
horarios,2
deberian,2
bonita,2
considero,2
acombatir,2
calles,2
cuenta,2
jugoso,2
entraron,2
intereses,2
jamás,2
historia,2
llegará,2
salvar,2
luis,2
asesores,2
respecto,2
montón,2
allí,2
internacionales,2
mencionar,2
haya,2
desgraciados,2
plata,2
caminar,2
pandilleros,2
maras,2
dise,2
pertenece,2
tapar,2
niño,2
nacionales,2
chiquillos,2
reciben,2
acostumbrados,2
hdp,2
hicieron,2
letra,2
dionisio,2
dejar,2
huevos,2
perdemos,2
importante,2
año,2
esperar,2
democracia,2
jente,2
ambre,2
cobrar,2
algún,2
alta,2
compra,2
bolsas,2
verdadera,2
digan,2
universitarios,2
tortilla,2
barrio,2
par,2
costa,2
rica,2
celular,2
velocidad,2
claridad,2
residencial,2
falla,2
vivo,2
veces,2
servicio,2
derecho,2
grandes,2
proveedor,2
cobre,2
muertos,2
negocios,2
saber,2
valiente,2
dipucaco,2
queremos,2
vivir,2
caro,2
rodriguez,2
arzu,2
gasto,2
loco,2
entrevistando,2
legislatura,2
pregunten,2
millones,2
pregunta,2
mentiras,2
unico,2
etc,2
pertenesen,2
entender,2
subira,2
guerra,2
galón,2
obligacion,2
hermosa,2
vieja,1
verbose,1
jóvenes,1
tuvieron,1
suerte,1
vando,1
hubieran,1
ensamblado,1
maquinaria,1
dejaron,1
ganas,1
demandar,1
ilegalidad,1
maquila,1
veremos,1
cárcel,1
sombra,1
salga,1
auto,1
deporten,1
imagine,1
they,1
had,1
walk,1
back,1
home,1
buenísima,1
investigacion,1
lleven,1
sacrifiquense,1
reintevren,1
truco,1
tenés,1
mensual,1
ilimitadas,1
mandan,1
caos,1
verificas,1
ende,1
adicional,1
averiguar,1
recargar,1
negoció,1
redondo,1
ambas,1
poquito,1
lamentable,1
excusas,1
sueldon,1
costeen,1
propios,1
lujo,1
llevar,1
pan,1
mesa,1
deporte,1
dinamico,1
entretenido,1
trasfondo,1
macabro,1
refleja,1
oscuridad,1
culturas,1
pre,1
colombinas,1
america,1
encuentro,1
sentido,1
recrear,1
arcaico,1
denle,1
golpe,1
universitario,1
madres,1
ganando,1
voy,1
mención,1
aldea,1
jabalí,1
semana,1
fiestas,1
comieron,1
alumnos,1
unirse,1
walter,1
cuello,1
sacarlos,1
apartamento,1
ubieran,1
rosita,1
tacones,1
calibres,1
delen,1
bolsa,1
pintalabios,1
muriendose,1
maravilla,1
tube,1
dino,1
guatehermosa,1
guatelinda,1
primavera,1
abrazos,1
hnos,1
salvadoreno,1
armonia,1
subscribe,1
boletín,1
informativo,1
intenté,1
pagina,1
web,1
teléfonos,1
colocados,1
telgua,1
whatsapp,1
teléfono,1
secuestran,1
familiares,1
lujooo,1
contenidooooo,1
picar,1
hígado,1
usurpador,1
entoces,1
suyas,1
barriles,1
atacan,1
entusiasmo,1
callados,1
recibían,1
pagos,1
tira,1
estúpidos,1
zurdo,1
inaurando,1
reempezar,1
empezó,1
roosevelt,1
tuvo,1
expuesto,1
mordida,1
prosupuesto,1
empezaron,1
llegaron,1
siquiera,1
mitad,1
puentes,1
llegó,1
diferente,1
vote,1
cotado,1
presente,1
votaría,1
posible,1
maldito,1
válido,1
jugosos,1
roben,1
gasta,1
tema,1
centrese,1
aclare,1
ilogico,1
dandole,1
funcionarios,1
publico,1
suficiente,1
incontables,1
crean,1
escuelas,1
ayuda,1
padres,1
secuestrador,1
enseña,1
estudio,1
hermano,1
embargo,1
manchada,1
malditos,1
rojos,1
comunistas,1
manifestar,1
huelga,1
equipo,1
emprendimeitno,1
rescatar,1
tradiciones,1
esperamos,1
avanzando,1
popular,1
nuevas,1
generaciones,1
bravo,1
deja,1
confundir,1
respuestas,1
armadas,1
blo,1
deporté,1
rápido,1
anos,1
precidente,1
pudiera,1
deacuerdo,1
pedro,1
haber,1
asumido,1
facto,1
eligieron,1
hugo,1
aguilera,1
representante,1
titular,1
corte,1
constitucionalidad,1
cambia,1
dictadura,1
necio,1
hipócrita,1
cumplir,1
mandato,1
periodístico,1
agentes,1
cuide,1
mentirosito,1
muerte,1
dispuesto,1
cuidar,1
trump,1
ofrezca,1
amnistía,1
trabajadoras,1
ayudan,1
mejora,1
cortos,1
largo,1
vaya,1
convocar,1
deficientes,1
instalaciones,1
laboratorios,1
aulas,1
abandono,1
rectoria,1
oposicion,1
muestran,1
renuentes,1
ordenes,1
afectan,1
directamente,1
catedraticos,1
personal,1
limita,1
capacidad,1
brindar,1
educacion,1
atender,1
poblacion,1
travez,1
eps,1
ofrecen,1
unidades,1
academicas,1
habrá,1
puro,1
show,1
diputranzas,1
autorizar,1
subsidios,1
gas,1
pidió,1
guesiara,1
seve,1
cinco,1
electores,1
belleza,1
llegara,1
agarran,1
masa,1
wuabiar,1
lanzar,1
tsnta,1
babosadas,1
avrefujiase,1
salgan,1
invertirlo,1
meducina,1
sehan,1
realustas,1
sirven,1
enriqueserse,1
vasta,1
basuras,1
artense,1
sufrieron,1
saciados,1
saciaron,1
tendrán,1
sed,1
pagarlos,1
pesar,1
miserable,1
ocupar,1
silla,1
fulano,1
empleen,1
kieren,1
braaavo,1
seño,1
recordarle,1
inepto,1
médico,1
enfermera,1
profesora,1
médicos,1
concluir,1
empiezan,1
quite,1
seguro,1
conductores,1
envían,1
robarle,1
olvidemos,1
quizá,1
cruel,1
farmacéuticas,1
cambien,1
viste,1
comprendí,1
cañeros,1
tratando,1
impedir,1
discusión,1
legislativo,1
obligación,1
repito,1
cansancio,1
fatiga,1
generan,1
renta,1
gravada,1
contribuyentes,1
coptada,1
querer,1
justificarse,1
sacaron,1
artadas,1
decirle,1
metanlos,1
bisten,1
echen,1
chuso,1
maricones,1
muchísimas,1
excelentísimo,1
constitucional,1
enormemente,1
esfuerzos,1
incrementar,1
rededor,1
quieran,1
cultura,1
compartida,1
sentirnos,1
vienen,1
corriéndo,1
voté,1
minusioso,1
partida,1
nietos,1
giamatey,1
hijastros,1
miguel,1
martínez,1
sinó,1
aprueben,1
aganlo,1
central,1
cerca,1
contribuyen,1
tributos,1
lujurioso,1
insulta,1
soberano,1
justifico,1
porq,1
salpicaba,1
detalle,1
usamos,1
roba,1
haces,1
haberte,1
aluden,1
asignas,1
corre,1
usas,1
consume,1
min,1
regulado,1
compañía,1
almenos,1
permite,1
navegar,1
asociados,1
tuve,1
demasiados,1
cobros,1
anticipados,1
altos,1
quedas,1
indefenso,1
necesario,1
consumimos,1
dejamos,1
pandemia,1
leer,1
radio,1
darles,1
gusto,1
abusan,1
roban,1
actuales,1
enjuiciar,1
obgwtos,1
robados,1
ahorita,1
alan,1
rodríguez,1
señora,1
evangélica,1
decían,1
tonto,1
pija,1
sentirá,1
marido,1
carne,1
bomba,1
piscina,1
exagerados,1
aumentos,1
incluso,1
nepotismo,1
regañan,1
basura,1
gasten,1
pegue,1
regalada,1
empleado,1
admisible,1
recetan,1
permiten,1
pnc,1
empleados,1
selectos,1
tengan,1
naturaleza,1
alimentación,1
relevantes,1
irrelevantes,1
jajajajaja,1
calor,1
jejej,1
diputransa,1
mapa,1
muestre,1
tio,1
berny,1
hipócritas,1
ufm,1
alaban,1
milei,1
haría,1
impiden,1
diera,1
facilidad,1
efectivo,1
interesaría,1
estilo,1
atención,1
corazon,1
cumplan,1
linda,1
minusiosas,1
larga,1
vuelve,1
aprovechen,1
casaka,1
participo,1
miserables,1
tired,1
fraud,1
lethal,1
drugs,1
americans,1
have,1
voted,1
our,1
laws,1
lezve,1
away,1
way,1
prove,1
american,1
sure,1
whatever,1
say,1
escuché,1
fingen,1
encima,1
liquidan,1
generados,1
quelos,1
mandar,1
africa,1
cuidao,1
paisas,1
unica,1
falto,1
incluir,1
pastas,1
actual,1
raro,1
prensa,1
compartan,1
balgame,1
atrasados,1
modernidad,1
precidentes,1
convenser,1
transladrones,1
jajajaja,1
áfrica,1
estructura,1
atrasado,1
tortuga,1
nayib,1
teniendo,1
poderes,1
pusieron,1
primeros,1
queres,1
jodas,1
edificio,1
niveles,1
esperes,1
solucionen,1
periodo,1
simientos,1
seguimos,1
poniendo,1
antecesores,1
olvidate,1
seguiras,1
ruinas,1
acertado,1
das,1
lagarto,1
quisieras,1
tuvieras,1
chngr,1
agrandado,1
terminó,1
pulgarcito,1
preste,1
jaaaaaaaaa,1
dejas,1
engañar,1
parecer,1
bukeli,1
guanacolandia,1
estadio,1
chino,1
metro,1
kilometros,1
distancia,1
via,1
investiga,1
abrir,1
bocota,1
haaa,1
olvidaba,1
deuda,1
externa,1
votas,1
payasos,1
ledrones,1
roncos,1
arrepentirte,1
volver,1
apoyar,1
amigos,1
preparando,1
votantes,1
entienden,1
sres,1
ajenas,1
comían,1
licenciada,1
vásquez,1
proteja,1
camino,1
guarde,1
pos,1
nesecitan,1
chica,1
canalizados,1
implementado,1
material,1
podría,1
tuviesen,1
invitados,1
sesión,1
extendida,1
piso,1
lujos,1
bancadas,1
fiscalización,1
zacar,1
manda,1
wualter,1
visa,1
tramposo,1
aliado,1
terriristas,1
magistral,1
debería,1
viral,1
misa,1
justificación,1
pretexto,1
protagonismo,1
eficientemente,1
sensata,1
voto,1
planilla,1
figuren,1
tipos,1
vil,1
calaña,1
cuales,1
funcionamiento,1
consecuencias,1
mete,1
objetivo,1
motiva,1
obligaron,1
desgraciado,1
dipurrata,1
injustificable,1
reunen,1
planear,1
cuidado,1
menciona,1
arévago,1
pretende,1
tecnología,1
legislador,1
tendra,1
maravillosa,1
feo,1
aguas,1
regresa,1
bas,1
carsel,1
presintes,1
finalisaron,1
bién,1
menús,1
baratos,1
rejustifica,1
honestidad,1
reintegrar,1
aprobar,1
guatepeor,1
suministros,1
debemos,1
avancemos,1
delante,1
lamento,1
arruinarles,1
materializarlo,1
logra,1
soporte,1
fuerte,1
sismo,1
reto,1
vivimos,1
beneficiara,1
miles,1
nomás,1
sientan,1
ministros,1
crecen,1
cachetes,1
brillan,1
barriga,1
benito,1
tamaletas,1
sinibaldi,1
aire,1
bravos,1
cochinadas,1
vernardo,1
asian,1
amedia,1
seles,1
termino,1
eyos,1
gosando,1
disfruten,1
not,1
citizen,1
cannot,1
stay,1
cabe,1
duda,1
reflejo,1
cooptacion,1
acabo,1
suscribir,1
exigir,1
vídeos,1
explicando,1
lenguaje,1
sencillo,1
apoyarles,1
catedráticos,1
social,1
autonomía,1
universitaria,1
fiscalizar,1
bienes,1
apoyando,1
revisar,1
viajesitos,1
vendieron,1
ame,1
sancarlos,1
bendito,1
fiscalizarlos,1
quincena,1
hartaron,1
joyitas,1
échale,1
completo,1
bola,1
inservibles,1
comerse,1
oiga,1
erario,1
bocado,1
producen,1
otto,1
leal,1
dejó,1
tirado,1
desnivel,1
molino,1
flores,1
neto,1
bran,1
molestado,1
retomar,1
diferencias,1
dará,1
paciencia,1
virtud,1
jejejejejkee,1
vivos,1
minimo,1
jejeje,1
imposible,1
informen,1
escribí,1
blog,1
experiencia,1
peatón,1
departamental,1
jutiapa,1
acá,1
abusivo,1
artar,1
justifique,1
haser,1
exceso,1
vehículos,1
podrá,1
contar,1
educación,1
tráfico,1
noticia,1
univision,1
telemundo,1
positiva,1
desenmascarando,1
manipulación,1
casas,1
crecio,1
texas,1
lastima,1
tamto,1
ilegal,1
correcto,1
unicoyote,1
telementiras,1
jartan,1
novela,1
teatro,1
dias,1
moderna,1
ecuador,1
enfoque,1
recordado,1
comentemos,1
contenido,1
entera,1
tranzas,1
pida,1
hanlen,1
devuelvan,1
contradicción,1
conjunto,1
reglas,1
sistema,1
capitalista,1
bancada,1
terquedad,1
cua,1
batz,1
imagino,1
durmiendo,1
aparecen,1
solamente,1
carnitas,1
asadas,1
cerveciando,1
deseo,1
salvadoreña,1
crie,1
viví,1
segundo,1
centroamérica,1
encargada,1
ecosistema,1
ayude,1
departamentales,1
recuerdos,1
semiya,1
pierden,1
armas,1
reduse,1
títere,1
necesita,1
cicig,1
reinicie,1
anti,1
encabezado,1
fundación,1
terrorismo,1
cooptadas,1
policiacas,1
comedor,1
doña,1
chonita,1
pagados,1
trankilo,1
decian,1
habian,1
quitado,1
ladronasos,1
dando,1
todabia,1
desgracia,1
hase,1
arebalo,1
engañadores,1
invitación,1
entrar,1
entra,1
fuerza,1
busca,1
inmigrantes,1
olvida,1
reciven,1
peatonal,1
esquivar,1
respetan,1
motos,1
rojo,1
damos,1
jodidos,1
hacemos,1
reformarla,1
pondrian,1
probablemente,1
terminarían,1
rían,1
burlen,1
desnutrido,1
tarde,1
pusimos,1
tengamos,1
levante,1
chiquero,1
arrepentirse,1
csj,1
apañado,1
burlas,1
cantones,1
vendrán,1
artos,1
habían,1
comido,1
viandas,1
arten,1
dices,1
comes,1
hora,1
huesiaste,1
trabajé,1
joya,1
negra,1
sandra,1
jovel,1
profe,1
fernando,1
tena,1
disculpe,1
decide,1
trabajador,1
renuncié,1
abusivos,1
mediocres,1
estúpido,1
investigación,1
corderitos,1
asistieron,1
crónica,1
verdugos,1
espera,1
finalice,1
plazo,1
programación,1
normas,1
contraloría,1
audite,1
sobrevalorado,1
tenga,1
adicionales,1
pactado,1
pregunto,1
alcanzaba,1
almuercitos,1
vengase,1
almuercito,1
mala,1
jodiendo,1
semilla,1
oportunidad,1
saliera,1
sinvergüenzas,1
piden,1
miseria,1
molesta,1
pia,1
banquetas,1
medio,1
ineptobran,1
costado,1
ganarcelo,1
esfuersece,1
trabajen,1
coman,1
poque,1
guatemlateco,1
informarse,1
red,1
mafiosos,1
narco,1
morena,1
deberia,1
asociacion,1
enfóquese,1
destrozado,1
aga,1
uso,1
implementar,1
leyes,1
combatan,1
mire,1
vecino,1
joven,1
pudo,1
equivoques,1
terminado,1
salvatruchas,1
mareros,1
antigua,1
haviendo,1
tatuajes,1
dictador,1
humo,1
metan,1
tambo,1
minifaldas,1
moronga,1
destreza,1
ése,1
entrevistador,1
ataca,1
transparencia,1
defiende,1
sido,1
botar,1
hablado,1
gustemala,1
hecharle,1
ejecucion,1
pasion,1
todoavia,1
utilizando,1
ferry,1
rapido,1
lamentablemente,1
sigue,1
sol,1
dedo,1
pasaría,1
profesor,1
pagaran,1
enseñando,1
dibujar,1
usarlos,1
mujeres,1
desbancaron,1
barrido,1
otr,1
ladron,1
culpables,1
permítanos,1
partido,1
hoy,1
mirando,1
privatizar,1
estudiante,1
egresado,1
carga,1
tributaria,1
innecesaria,1
extranjeros,1
vinieron,1
institución,1
impuesta,1
supuestamente,1
impunidad,1
hayan,1
analistas,1
comentando,1
temas,1
nueva,1
conquista,1
progre,1
diputadas,1
ciudadanas,1
progres,1
ruina,1
auchoa,1
paises,1
occidente,1
progress,1
pongan,1
activa,1
nesesita,1
tomar,1
accion,1
classic,1
guatemalatecos,1
esten,1
encerrados,1
esse,1
pir,1
autoridades,1
sun,1
prójimos,1
aprovechados,1
jubilados,1
igss,1
apoyado,1
aunqué,1
contradiga,1
merece,1
hueviado,1
millonadas,1
pura,1
burra,1
pienso,1
hdpm,1
gobernados,1
equivocarme,1
resume,1
bonito,1
vendan,1
siento,1
tenes,1
detallar,1
pase,1
consumidores,1
león,1
pintan,1
aplaudo,1
celebro,1
puebla,1
enorgullece,1
femenino,1
ulama,1
regresaron,1
espacios,1
frecuentemente,1
asco,1
bienvenido,1
oponen,1
colaboración,1
turistas,1
imagínense,1
conectado,1
logísticamente,1
trenes,1
agrado,1
mutuo,1
comentarios,1
solidario,1
ponen,1
estupideces,1
bello,1
honduras,1
podía,1
estuvo,1
manuel,1
baldizon,1
aprender,1
votar,1
lacras,1
nubes,1
empieza,1
oler,1
mira,1
anteniendo,1
yeben,1
simverguenzas,1
finde,1
comor,1
humano,1
emoción,1
prosperando,1
ciudades,1
famosas,1
tecnologia,1
china,1
ojalay,1
cumpla,1
oposición,1
volvió,1
servil,1
resumen,1
patéticos,1
profesionales,1
inflación,1
proporcionado,1
afecta,1
propósito,1
subsidien,1
precios,1
aplican,1
valores,1
calidades,1
procesados,1
exportados,1
dai,1
casos,1
iva,1
isr,1
cebolla,1
frijoles,1
arroz,1
quejan,1
importados,1
agencias,1
pocos,1
margenes,1
netos,1
industrias,1
mencionadas,1
disminuido,1
expliquen,1
conseguido,1
rentable,1
cualquiera,1
producir,1
importar,1
exportar,1
diferencia,1
barrera,1
entrada,1
ingenio,1
mencionan,1
desacredita,1
medios,1
informan,1
veracidad,1
fieran,1
peleando,1
derechos,1
quemar,1
cuetes,1
dis,1
logro,1
justo,1
respetables,1
investiguen,1
anomalías,1
quiera,1
lobdice,1
forma,1
fantaciosa,1
debiera,1
celebrar,1
grave,1
alma,1
mater,1
puchica,1
simon,1
cercano,1
aleja,1
gravedad,1
cuates,1
perdón,1
mara,1
adolescencia,1
seriedad,1
contarnos,1
solitas,1
quejamos,1
cobertura,1
mejorado,1
excelentes,1
claras,1
quejar,1
estable,1
dónde,1
provincia,1
decimos,1
pasado,1
huracanes,1
indica,1
cambiarse,1
operador,1
número,1
cuál,1
cuyo,1
sutel,1
superintendencia,1
competidor,1
estatal,1
cuota,1
cableras,1
regionales,1
liberty,1
movistar,1
telecable,1
kolbi,1
óptica,1
apenas,1
distritos,1
josé,1
único,1
reemplazado,1
viejas,1
quería,1
contarle,1
funciona,1
área,1
platiquen,1
petróleo,1
hospital,1
rabinal,1
pusilánimes,1
estén,1
denigrar,1
empezando,1
fraudulentas,1
habido,1
extender,1
nombres,1
representantes,1
postulen,1
wow,1
miguelito,1
giamatei,1
artan,1
coches,1
finalmente,1
ciendo,1
dañado,1
poderosos,1
esconder,1
sacan,1
noticias,1
confunden,1
acatan,1
reinstalar,1
representan,1
gato,1
giamagyey,1
penso,1
coaptacion,1
total,1
señorita,1
rin,1
hubo,1
mañas,1
gorriones,1
lleve,1
micos,1
pericos,1
lejos,1
conoce,1
compre,1
derecha,1
achichincle,1
baldizón,1
lider,1
andaban,1
helicoptero,1
financistas,1
creces,1
llegaban,1
fortalezcamos,1
bellísima,1
guatemaltecas,1
conmigo,1
entienda,1
privado,1
generar,1
punto,1
mazarriegos,1
necesitaba,1
manifiestan,1
mafia,1
tribunales,1
suciedad,1
mandé,1
nacieron,1
aguantando,1
necesitamos,1
barbaridad,1
conciencia,1
cuántos,1
pacientes,1
caras,1
tendrían,1
ejercer,1
dormido,1
une,1
cambian,1
pobrecitos,1
sufren,1
jenye,1
muere,1
medicamentos,1
comprarla,1
hechor,1
consentidor,1
cordón,1
resto,1
consejeros,1
lame,1
botas,1
dilicuentes,1
belzebu,1
buda,1
asqueroso,1
chueco,1
asquerosas,1
mera,1
quitó,1
vine,1
instagram,1
porqué,1
sencillos,1
iguales,1
hartarse,1
mamá,1
incapacitada,1
pierna,1
hemos,1
vivido,1
aceras,1
altas,1
ineptas,1
absurdamente,1
pequeñas,1
dañadas,1
comando,1
mierd,1
maneras,1
inglés,1
minuciosas,1
dieron,1
contarlo,1
gastaron,1
cobren,1
dándose,1
vergüenzas,1
vividores,1
importa,1
menor,1
entiendan,1
adecuadas,1
imagínese,1
próxima,1
trigo,1
tenía,1
razon,1
taracena,1
von,1
alcance,1
hartazon,1
preguntaron,1
hhacian,1
face,1
smiling,1
pagaban,1
baño,1
afecto,1
grande,1
jimmy,1
morales,1
alegando,1
ooo,1
entrevistadores,1
desnutricion,1
vive,1
todavia,1
buscarlo,1
jamas,1
hizieron,1
acerca,1
privada,1
gubernamental,1
reunioness,1
toca,1
cria,1
coruptos,1
paaajaaaasss,1
verdugo,1
uribe,1
sienten,1
enfrenta,1
acobardan,1
ejecutivo,1
compadre,1
petro,1
igo,1
bocata,1
paralizar,1
talvez,1
entiende,1
gibierno,1
medrioque,1
establecer,1
trabajos,1
institucionales,1
ponga,1
tabla,1
cena,1
hospedaje,1
rubro,1
dijeron,1
tocarían,1
comerían,1
ocho,1
dela,1
tortrix,1
sabes,1
tienes,1
dwvuelvelas,1
sinverguenza,1
preso,1
única,1
filtro,1
amber,1
sucios,1
esperanza,1
oración,1
perseverantes,1
diariamente,1
paz,1
sabiduría,1
divina,1
logran,1
parir,1
universidades,1
artarse,1
aposol,1
impresionante,1
tenido,1
alcaldes,1
visión,1
quizo,1
cosmopolita,1
excelentisimo,1
senor,1
leo,1
encanta,1
negocio,1
lejano,1
puyaso,1
campo,1
come,1
sal,1
relevante,1
descaro,1
vividor,1
aser,1
baches,1
avanzar,1
mañanera,1
abla,1
encantaría,1
corrpcion,1
desfalco,1
esperaba,1
impuestos,1
usando,1
haberse,1
usado,1
anios,1
sentado,1
atras,1
escritorio,1
llenandose,1
esoooooo,1
mero,1
envelequero,1
esconderán,1
máximo,1
hambrientos,1
propina,1
corredor,1
seco,1
ósea,1
mocos,1
meses,1
jefes,1
bloque,1
chuchos,1
justificar,1
fuese,1
fuesen,1
reyes,1
ferrogaril,1
realisar,1
wooow,1
extraño,1
regresaremos,1
paisanos,1
extranjero,1
mandarlos,1
deverian,1
verlos,1
nesecidad,1
ayudanos,1
luchar,1
racismo,1
malos,1
tratos,1
vete,1
regreso,1
someone,1
ghe,1
law,1
make,1
your,1
own,1
rules,1
necesidad,1
iglesia,1
pecado,1
parafraseando,1
hueveo,1
neri,1
acostillas,1
conose,1
práctica,1
programada,1
obligar,1
clientes,1
migrar,1
seguramente,1
podrían,1
adelantado,1
contrato,1
hijo,1
policia,1
pobrecito,1
belice,1
quetanto,1
delicuente,1
impone,1
indibidodespierte,1
unibersitarios,1
prepotente,1
pagarlo,1
emocionante,1
venta,1
fertilizantes,1
repone,1
gastado,1
ganancia,1
agroservicios,1
consejo,1
cumplieron,1
colocar,1
denuncia,1
penal,1
usurpado,1
cargos,1
aciendo,1
protestas,1
precio,1
edicho,1
irán,1
podrán,1
hermoso,1
impuesto,1
galon,1
dile,1
andar,1
baboseo,1
hicieran,1
mejoren,1
saldremos,1
pasos,1
firmes,1
aproveche,1
informacion,1
suscribí,1
publicacion,1
pasó,1
poeta,1
diablo,1
portillo,1
honesto,1
pastorcito,1
estrada,1
inconsciencia,1
mentiroso,1
wooooooooooooooooooooooooow,1
izabal,1
puerto,1
barrios,1
atlántico,1
pacifico,1
súper,1
lindo,1
popos,1
humanos,1
perros,1
limpia,1
salud,1
pública,1
peatones,1
maldad,1
deports,1
people,1
all,1
the,1
time,1
why,1
this,1
different,1
explicarlo,1
construier,1
obras,1
correjir,1
dura,1
babosaditas,1
cínicos,1
ricos,1
shucos,1
calle,1
ajeno,1
dejarlos,1
puertas,1
ranchos,1
malvados,1
comidos,1
beneficiado,1
creen,1
preocupan,1
sobras,1
polis,1
excusa,1
ministro,1
bendita,1
sujetos,1
provienen,1
bajos,1
estratos,1
sociedad,1
tirados,1
honda,1
entrevistado,1
calcetín,1
abre,1
boca,1
meta,1
extraordinario,1
sen,1
saludo,1
vendiga,1
pido,1
mencione,1
matando,1
trabajadores,1
honrradas,1
pregúntenle,1
acuerda,1
marca,1
vino,1
toma,1
días,1
exactamente,1
significa,1
politica,1
dividirse,1
riqueza,1
guardar,1
sentimiento,1
vivisima,1
repugnancia,1
estará,1
aportando,1
mesas,1
personales,1
verdaderamente,1
etapas,1
siente,1
realizado,1
recuerda,1
compromisos,1
laborales,1
resuelven,1
restaurante,1
oficinas,1
convivencia,1
ilumine,1
