video_id,title,channel_name,view_count,comentarios,autores_unicos,category,tiene_comentarios
n8iP75gIpmw,Qué rico come tu diputado,Quorum,11775,161,128,News & Politics,True
j43HgwYFKfk,La cooptación de Walter Mazariegos en la USAC,Quorum,10156,50,49,News & Politics,True
6W4u8sGEnGM,Inician los trabajos de recuperación del Puente Belice II.,Gobierno de la República de Guatemala,11670,45,32,Entertainment,True
lj983NWyAQY,Plan 2032 Ciudad de Guatemala,Municipalidad de Guatemala,304089,25,25,News & Politics,True
OkXlHx0hx-8,EE.UU. envía a mexicanos deportados a Guatemala antes de su regreso a México | Noticias Telemundo,Noticias Telemundo,14200,25,18,News & Politics,True
PjmxCj-a9Hg,Conferencia de Prensa del Gobierno de Guatemala. #LaRondaGt,Gobierno de la República de Guatemala,3628,25,19,Entertainment,True
yLZS3JiEBg8,Arroz con pollo a la MONOPOLIO,Quorum,1954,16,16,News & Politics,True
06mFNPU0aB8,Capturan a presuntos delincuentes disfrazados de mujer señalados de cometer asalto,Noti7,6692,14,13,News & Politics,True
ndAZjHqzzT8,Internet: escoger el menos malo,Quorum,717,12,10,News & Politics,True
b_Hkrkl3adA,Bloqueos en Guatemala este 31 de agosto por alza en combustibles afectan rutas principales,PrensaLibreOficial,5469,7,7,News & Politics,True
is3Mk5oC19g,Capturan a ladrón que había quedado grabado mientras robaba en una parroquia de Retalhuleu,TN23 Guatemala,4616,7,7,News & Politics,True
WIUZtitfLRw,Caminar en una ciudad hecha para carros,Quorum,422,6,6,News & Politics,True
TT4qJ5FXHYE,"I’x K’at: el primer equipo guatemalteco de pelota maya, conformado únicamente por mujeres.",Quorum,1075,4,4,News & Politics,True
JkpVO1hx2f8,10 Preguntas a un año del Paro Nacional,Quorum,673,3,3,News & Politics,True
3Nfp9h5avBI,"Noticiero en Directo 1 pm, 28 de Agosto de 2026",Noticiero Guatevisión 13 Hrs.,573,2,2,News & Politics,True
UhL9y3KUl8E,SHAI WA: la vecina queer de Casa Presidencial,Quorum,1755,1,1,News & Politics,True
X_FAIef8qlE,Cruzando la ciudad a puro Transmetro,Quorum,1140,1,1,News & Politics,True
s0eco-BofOs,¿Quiénes pagan más en Centroamérica?,Quorum,220,1,1,News & Politics,True
zweosulrwA8,Edén por Salud: empleo inclusivo para personas con discapacidad en Antigua | Super - Episodio 2,Quorum,52,1,1,Nonprofits & Activism,True
THY2YBne3QE,"Los ALUCINANTES autobuses de Guatemala | ""Burras""",Luisito Comunica,8190449,0,0,Comedy,False
n4xHxJPNr78,🚫LOS FAMOSOS BUSES ESMERALDA los mas RÁPIDOS DE GUATEMALA 😱,De todo Gt,3152619,0,0,People & Blogs,False
KkNQhX_kg8A,🇬🇹HISTORIA de GUATEMALA en 17 minutos🇬🇹 - El Mapa de Sebas,El Mapa de Sebas,749356,0,0,Education,False
Aa7hIDCRh3g,Este BUS me LLEVO a UN PARAISO EN GUATEMALA,De todo Gt,504374,0,0,People & Blogs,False
NnKpTEfhWjI,✅ ASÍ es una EXHIBICION DE BUSES EN GUATEMALA,De todo Gt,424874,0,0,Travel & Events,False
_1VIxOLyaUQ,Sonido de trafico y ciudad 💤 ruido de calle para dormir bebés y relajarse,Ambient Sound Explorer,330057,0,0,Entertainment,False
VfBrLONPnFM,ME quité el MIEDO de viajar en los buses de GUATEMALA 🔥,De todo Gt,329489,0,0,People & Blogs,False
_Lcbi4NCHRA,Tercer Informe General de la República,Gobierno de Guatemala,305269,0,0,News & Politics,False
ZPBiWdHXg20,Piloto de tráiler accidentado en ruta al Atlántico era un menor y murió en el lugar,PrensaLibreOficial,233632,0,0,News & Politics,False
anFbrgqxdzY,Horas Antes del Big One | Dentro de Ciudad de Guatemala Exactamente Antes del Terremoto (1976),Nostalgia Latina,222656,0,0,People & Blogs,False
kjwvEESqSHA,¿VALE la PENA VIAJAR de GUATEMALA a XELA en BUS? Descúbrelo,De todo Gt,216172,0,0,People & Blogs,False
tXLhWHWGaao,Breve historia política de Guatemala,Crónica Panamericana,144134,0,0,People & Blogs,False
K50uijsHnAM,Informe desde Ciudad de Guatemala: crisis de seguridad tras ataques contra la Policía,FRANCE 24 Español,135249,0,0,News & Politics,False
MdIa2Dtj77I,"Consejos para tu viaje a Guatemala: hospedaje, telefonía, transporte y más! ✈️ 🇬🇹",Aventuras de una programadora,134775,0,0,People & Blogs,False
hy0mwEHr6V0,MI3 será utilizado dentro de las evaluaciones a aspirantes a PNC,Ministerio de Gobernación,127595,0,0,News & Politics,False
ZS74P3DnykA,"Policía Nacional Civil gradúa 3,978 nuevos agentes",PNCdeGuatemala,115270,0,0,News & Politics,False
dLctzx8qCgA,¿Cómo la CIA ALTERÓ el DESTINO de GUATEMALA para siempre?,Alan Delmonte,108616,0,0,Education,False
tb6LaOWGAIo,"Guía Definitiva para viajar a Guatemala 2026 🇬🇹 Qué ver, itinerarios, precios y consejos",Welcome to el Mundo,104869,0,0,Travel & Events,False
B60bWqpVUIE,Así es el transporte público en Ciudad de Guatemala,PaulinoG,96794,0,0,Travel & Events,False
D4CEpAfkkPI,Policías arremeten contra agente de PMT en zona 10,PrensaLibreOficial,79044,0,0,News & Politics,False
ewdf3q1tuCA,INTERPOL Guatemala captura a mujer por prostituir a señoritas,Noti7,71048,0,0,News & Politics,False
3-jKER3zqcA,VECINO VRS AGENTES DE LA PMT EN MAZATENANGO,audioschileros,70811,0,0,People & Blogs,False
nPbC8-Ebat4,Pareja de sicarios capturada tras ataque armado contra piloto de autobús,PNCdeGuatemala,70537,0,0,Science & Technology,False
ebbgBtNrRz8,Las fuertes lluvias en Guatemala dejan al menos tres fallecidos en zonas rurales | Telemundo,Noticias Telemundo,63249,0,0,News & Politics,False
Jr1hJ92H_Nc,"#SinMáscaras | GUERRA SUCIA PERO SUCIA EN SERIO LLEGA A TV AZTECA CON AMPARO, CAMIN Y CASTAÑEDA",Manuel Pedrero,62941,0,0,News & Politics,False
DBvMeKT4gzo,La Familia MÁS RICA de GUATEMALA... Ni la Guerra les Quitó el Trono y Hoy son DUEÑOS de tu CERVEZA,Fortuna Latina,58881,0,0,People & Blogs,False
zyA0BpEYcQU,Discusión entre conductor y jefe de la PMT,Nuestro Mundo,55349,0,0,People & Blogs,False
zfJlUXRSaCU,Brief Political History of Guatemala,Crónica Panamericana,53547,0,0,People & Blogs,False
3S3KygWSjAQ,Himno de la Policía Nacional Civil de Guatemala,PNCdeGuatemala,53021,0,0,News & Politics,False
XLkVzqqL34Q,Nueva Mega Autopista Xochi en Guatemala 🇬🇹 ¿Vale la pena? (Te ahorra hasta 3 horas),One Life,44510,0,0,Entertainment,False
5nw9G1vwnYY,Actriz guatemalteca caracteriza a Consuelo Porras frente al MP por salida del cargo,PrensaLibreOficial,40327,0,0,News & Politics,False
VuIl4tjeKGQ,La ciudad sigue modernizándose para ti y tu familia.,Municipalidad de Guatemala,39168,0,0,News & Politics,False
dccwBXfxxiI,¡Espacios iluminados y seguros!,Municipalidad de Guatemala,38773,0,0,News & Politics,False
0iQD8zHxZIg,SE FILTRO un AUDIO de PANDILLEROS en Guatemala | DISPUTA POLITICA Guatemala en medio de EMERGENCIA,Tras la Verdad SV,36701,0,0,News & Politics,False
1w9faaYjhyU,Fundación de la República de Guatemala 21 marzo 1847,El profe de Historia Gt,31697,0,0,People & Blogs,False
wm1f52Mvzag,Gloria Álvarez: ¿Podría ser la próxima presidenta de Guatemala?,Jorge Ramos,31357,0,0,News & Politics,False
RIpKKQh26cg,Ejército de Guatemala descubre túnel para fuga masiva en penal de Pavón,TN23 Guatemala,29782,0,0,News & Politics,False
-KDglrIzRKo,¡HISTÓRICO! Mexico recupera petróleo robado por Guatemala... 🔔,México Poder,29736,0,0,People & Blogs,False
x_CB0ZRLQTA,Ricardo Quiñónez paga con nuestros impuestos netcenter,AlcaldexAccidente,29419,0,0,People & Blogs,False
IZLflL4Hgco,El ciudadano Toriello da un paso al frente,TanGente Podcast,28013,0,0,Entertainment,False
4DD1nlxWk2s,Fuertes LLUVIAS en el JABALI; a si luce una Tarde de Tormenta 😱,VIVA GUATEMALA,27111,0,0,Entertainment,False
NCvoO61aIfw,Ya casi! Así avanza el Aerómetro que cambiará el transporte en Guatemala,One Life,26744,0,0,Entertainment,False
iacCQ4VyWWc,"Los conservadores y los liberales, Historia de Guatemala",Panda 01,25431,0,0,People & Blogs,False
ZNwStkzWgso,Elección judicial en Guatemala: Astrid Lemus y Luis Bermejo electos para corte de constitucionalidad,CNN en Español,24636,0,0,News & Politics,False
9BIrwWQUdb8,"Capturan a ""guardián"" de parqueo utilizado por la mara Salvatrucha e incautan 5 vehículos robados.",PNCdeGuatemala,23972,0,0,Science & Technology,False
nhhXiHI4rrw,Policía Nacional Civil participa en desfile del día del Ejército. #ProtegerYServir,PNCdeGuatemala,21534,0,0,News & Politics,False
JdxHJkQjM50,🚡 ¿Cómo va avanzando #AeroMetroGT?,Municipalidad de Guatemala,20901,0,0,News & Politics,False
Pg1qw0KJI4E,"Surgen detalles de la masacre en Boca del Monte: madre de un bombero e influencer, entre víctimas",PrensaLibreOficial,20503,0,0,News & Politics,False
KIO6wIJXYY0,"Se tiene que cambiar el sistema electoral en Guatemala, asegura exfiscal",CNN en Español,16830,0,0,News & Politics,False
O6gI0ooBM3E,¿Cómo es el tráfico en Guatemala? 56 días perdidos cada año y una emergencia nacional,República TV,16786,0,0,News & Politics,False
N1QkRu38BFE,¡YA CAYÓ ALITO MORENO! ALERTA LO DESTITUYEN DIPUTADOS VOTAN PARA SACARLO DEL SENADO! CLAUDIA INFORMA,Alexis Burelo,15747,0,0,News & Politics,False
tg2QuZFdn4c,🔴 En Vivo | Sesión Solemne de Consejo de Gobierno en Limón,Presidencia de la República,15726,0,0,News & Politics,False
tmvTbeQNCTI,"Hoy SABRÁN Qué Grado ACADÉMICO Tenemos, Todos Son PROFESIONALES",Gente de Guate,15482,0,0,Entertainment,False
0a4_g1R1-aA,Acciones relevantes en el #Resumen24Horas,PNCdeGuatemala,15455,0,0,Science & Technology,False
Fb2Ccfq5S9w,Reo y su esposa fueron asesinados dentro del Preventivo de zona 18,TN23 Guatemala,15431,0,0,News & Politics,False
KWCyMd4dxkY,Recorrido de los 21K BAM de la Municipalidad de Guatemala,Municipalidad de Guatemala,13077,0,0,News & Politics,False
9h7d1iDFaqo,Vuelve el tráfico lento en la ciudad capital,PrensaLibreOficial,11396,0,0,News & Politics,False
5Y7fntl6Rc8,Cómo llegar a TIKAL desde Ciudad de GUATEMALA en autobús o en Avión | transporte a PETÉN,De viaje con Migue,11061,0,0,Travel & Events,False
CDg6kLRfiqQ,Acciones relevantes en el #Resumen24Horas,PNCdeGuatemala,11048,0,0,Science & Technology,False
rQEb4el3Lok,"Policía Nacional Civil en busca de mareros, imitadores y colaboradores de grupos delictivos",PNCdeGuatemala,9637,0,0,News & Politics,False
gF42rhVhP8w,Tenemos un gran problema con la seguridad de las construcciones en Guatemala,TanGente Podcast,9033,0,0,Entertainment,False
sAPrXzrdstM,Funciones del Ministerio de Gobernación,Ministerio de Gobernación,8970,0,0,News & Politics,False
aoz2j4TTl4E,Rutas Alternas a partir del lunes 03 de agosto por avances de #AeroMetroGT,Municipalidad de Guatemala,8905,0,0,News & Politics,False
677N9cx_kKE,Carlos Pineda Seguridad I - Guatemala tiene solución | Ep. 2,Carlos Pineda,8568,0,0,People & Blogs,False
iEmScdnYQdg,La nueva ruta que evita El Trébol,Tráfico Sin Censura,8502,0,0,People & Blogs,False
a3QGSpNx9Mg,Guatemala ya no aguanta el tráfico... ¿Funcionará el Aerómetro?,Entre Caminos,8098,0,0,Travel & Events,False
NcIcixCdQH4,PNC garantiza seguridad a turistas que visitan el colcán de Agua,PNCdeGuatemala,7681,0,0,Science & Technology,False
lNuxq8OKCpc,Lluvias convierten calles en ríos en Villa Nueva y San Miguel Petapa,PrensaLibreOficial,7663,0,0,News & Politics,False
3bU7I_ZpXUk,Congreso inicia proceso para nombrar a nuevo Fiscal General en Guatemala y suceder a Consuelo Porras,PrensaLibreOficial,7465,0,0,News & Politics,False
go4jAhCJS0w,Así reaccionaría la guardia presidencial de la Saas en caso de una emergencia,PrensaLibreOficial,7381,0,0,News & Politics,False
9Jacxvi9umU,Los responsables de bloquear información en Guatecompras,Somos El Combo,7340,0,0,Entertainment,False
hGOvuWe8P3Q,🔴ENTREGAN A NOROÑA ALITO NEGOCIA CON MONREAL PREPARAN MEGÁFONOS PORROS DEL PRIAN,Vittor Blogs,6682,0,0,News & Politics,False
G2u4Rbq7zU4,Arévalo anuncia nueva cárcel de máxima seguridad en Guatemala,TN23 Guatemala,6327,0,0,News & Politics,False
0LTLUY7LBlA,"Qué debes saber ANTES de viajar a GUATEMALA | Dónde cambiar DINERO, adquirir INTERNET y TRANSPORTE",De viaje con Migue,6099,0,0,Travel & Events,False
EQDcEgFpXCk,Guatemala: Gobierno refuerza lucha contra las pandillas en medio de crisis de seguridad,FRANCE 24 Español,5459,0,0,News & Politics,False
lkdwGwrJKeM,🇬🇹 ¿Es seguro VIAJAR a Guatemala? Consejos prácticos para que todo te salga bien,Un Angel Viajando,5298,0,0,Travel & Events,False
rSQKmOX1Tfc,TU VIDA VALE PROVIAL TIEMPO AZUL & PAOLA PÉRLOP,Mosca Visión,5262,0,0,Music,False
ELhvo8YnYnI,Insivumeh prevé lluvias fuertes por dos ondas del este,TN23 Guatemala,5182,0,0,News & Politics,False
2iqOSL9YguA,Gabriel García Luna ya está en el MP para asumir como nuevo fiscal general,Guatevisión,5181,0,0,Entertainment,False
XktDG8dmcd0,Torrenciales lluvias dejan decenas de muertos y miles de evacuados,DW Español,5171,0,0,News & Politics,False
dya9nbxqWXE,ANDY EL MUÑEQUITO TRABAJADOR 🥴🏍🥴🤣@Soychap1n @lucilaylossinar @lilyvlogs6899,CANALES ROBOS Y MENTIRAS 💰🧐,4939,0,0,People & Blogs,False
MMECHN8SFNw,"Noticiero en Directo 1 pm, 27 de Agosto de 2026",Noticiero Guatevisión 13 Hrs.,4838,0,0,News & Politics,False
W415t12o3DA,Mujer con crisis nerviosa tras intento de asalto,TN23 Guatemala,4737,0,0,News & Politics,False
Q7j1OUxkn9w,Dañan puerta del área de parqueo del Congreso,InfoGT Noticias,4725,0,0,People & Blogs,False
3onMfRym3OU,PRIMER PUENTE DONDE ARRIBA VA EL TRÁFICO Y ABAJO UN TREN EN GUATEMALA Y AMÉRICA LATINA.,Cronos Time GT,4484,0,0,Education,False
ZhrDgVZkhg4,FORMACION BRIGADA DE PROVIAL,PROVIAL GUATEMALA,4419,0,0,People & Blogs,False
aSbvMYJhmCc,Policía Nacional Civil,Ministerio de Gobernación,4346,0,0,News & Politics,False
Bp4LtQT8Hk0,"Ciudad de Guatemala, el mejor lugar para vivir",Municipalidad de Guatemala,4265,0,0,Entertainment,False
g0aCNpZaAZ8,PMT de Guatemala es ejemplo para otros municipios,Municipalidad de Guatemala,4103,0,0,News & Politics,False
YJohmVLc9QA,How to Get Around Guatemala: Complete Transportation Guide (2026),Chris & Grace,3897,0,0,Travel & Events,False
ifJFNGT4azU,Podcast Guatemala Ahora Yo Se: Medidas De Seguridad Con el Lic. Ariel Yos y el Lic. Gabriel Quiñones,Ahora Yose,3631,0,0,People & Blogs,False
ncOU7iZR5jY,Carlos Pineda y Andre Pozuelos | Seguridad II- Guatemala tiene solución | Ep. 3,Carlos Pineda,3279,0,0,People & Blogs,False
rNpBtQXUMbE,PMT es ejemplo en Guatemala,Municipalidad de Guatemala,3212,0,0,News & Politics,False
Mme4XikKnlc,Municipalidad anuncia 111 nuevos autobuses y 17 rutas para mejorar el transporte en la capital,PrensaLibreOficial,3146,0,0,News & Politics,False
VgcpKa1h_2Q,CONQUISTA LA CIUDAD / 21K BAM de la Municipalidad de Guatemala,21KMuniGuate,3110,0,0,Sports,False
J6ctng-yAnI,CIV PROVIAL GRADUACIÓN XV PROMOCIÓN BRIGADAS 140619,CIV -Ministerio de Comunicaciones,2981,0,0,People & Blogs,False
AHzfpOL5sgw,Sistema de gobierno de Guatemala 🇬🇹,SUM Estudios Jurídicos.,2895,0,0,Education,False
3P2OUk7aGmc,Presidente presenta Segundo Informe Presidencial en Sesión Solemne del Congreso de la República.,Gobierno de la República de Guatemala,2838,0,0,Entertainment,False
0b2vfzXdCqs,Cadena Nacional del presidente Bernardo Arévalo,Gobierno de la República de Guatemala,2725,0,0,Entertainment,False
_cUZT7LMKE0,Conferencia de Prensa del Gobierno de Guatemala. #LaRondaGt,Gobierno de la República de Guatemala,2708,0,0,Entertainment,False
Bdn2nxDqQ90,Video Viral de PMT / GUATEMALA,carlos del cid,2482,0,0,Film & Animation,False
7hfUg8Z-W2o,Conferencia de Prensa del Gobierno de Guatemala. #LaRondaGt.,Gobierno de la República de Guatemala,2449,0,0,Entertainment,False
H_TGv_cMwww,PMT: La fuerza laboral reguladora del tránsito más grande,Municipalidad de Guatemala,2383,0,0,News & Politics,False
-5puKGEqcUc,INSIVUMEH pronostica incremento de lluvias para el fin de semana en Guatemala,T13 Noticias Guatemala,2357,0,0,News & Politics,False
a2zgl-1KZwY,#CadenaNacional | Mensaje del Presidente Bernardo Arévalo a la nación,Gobierno de la República de Guatemala,2334,0,0,Entertainment,False
Oztw_Hta52I,TRAFICO EN GUATEMALA,CHAPINISIMO,2326,0,0,Entertainment,False
6KlI_geqPOI,Conferencia de Prensa del Gobierno de Guatemala. #LaRondaGt.,Gobierno de la República de Guatemala,2301,0,0,Entertainment,False
TXlMv6bt25w,"Más de 42 mil afectados por lluvias en Guatemala; Conred reporta 1,046 emergencias",PrensaLibreOficial,2294,0,0,News & Politics,False
LqY_vAsa4PY,“Guatemala: Una historia escrita con corrupción”,PFNSE MEDIA,2291,0,0,News & Politics,False
tcAQGuuo_Uc,El Ministerio de Gobernación Guatemala brinda conferencia de prensa.,Gobierno de la República de Guatemala,2254,0,0,Entertainment,False
x9TPnjUeuoo,VIDEO INSTITUCIONAL PROVIAL,CIV -Ministerio de Comunicaciones,2250,0,0,People & Blogs,False
C8wk4HWwWyM,Duro golpe al crimen organizado en Granja Penal de Pavón.,Gobierno de la República de Guatemala,2214,0,0,Entertainment,False
Qc_oHqe4Cjc,QUÉ GUARDAS EN LA CINTURA? 🔫🥕🥓🐷🤔@lilyvlogs6899 @ElJuanete1987 @Soychap1n @SimplementeFlori,CANALES ROBOS Y MENTIRAS 💰🧐,2166,0,0,People & Blogs,False
nv6wMdQ997Q,PMT en todo,Municipalidad de Guatemala,2107,0,0,News & Politics,False
_3kK0or6QI0,PROVIAL guatemala,heto009,2054,0,0,News & Politics,False
bg1KCMaIrRM,"¡Atención, vecinos!",Municipalidad de Guatemala,1965,0,0,News & Politics,False
0eiVPMexNOo,CONRED se pronuncia tras sismos en el territorio nacional,TN23 Guatemala,1875,0,0,News & Politics,False
WQcgx8rs0Qo,"PMT SE BURL4 DE UN MOTORISTA D1SC4PACIT4D0, DISCULPESE POR FAVOR VILLA NUEVA, GUATEMALA.",Cronos Time GT,1861,0,0,Education,False
HMJXf1VdM5E,Lluvia inusual de Martes Santo provoca inundaciones en zona 1 de Villa Nueva,PrensaLibreOficial,1688,0,0,News & Politics,False
d-V_Aw1t6nI,Graduacion de la 57 Promocion de la Policia Nacional Civil de Guatemala.,PNCdeGuatemala,1643,0,0,People & Blogs,False
1yHN9Ci7pXs,Municipalidad de Guatemala informa,Municipalidad de Guatemala,1617,0,0,People & Blogs,False
FEc1BCuBiDg,¡Estamos con ustedes!,Municipalidad de Guatemala,1562,0,0,News & Politics,False
vCtk_0NzB3s,Clima en Guatemala esta semana: calor de hasta 39 °C y lluvias con tormentas,PrensaLibreOficial,1534,0,0,News & Politics,False
9XFVeHiWDTo,En #LaRondaGT conoce las acciones que impulsamos para modernizar los puertos y aeropuertos del país.,Gobierno de la República de Guatemala,1516,0,0,Entertainment,False
4H6w9FQAcS8,"Avances en temas de economía, precios de los combustibles y otros temas de interés nacional.",Gobierno de la República de Guatemala,1489,0,0,Entertainment,False
F72Rdq5crG4,Cambios en el Ministerio de Comunicaciones: Salen Lizzette Benítez y Adrián Zapata Alamilla,Canal Antigua,1441,0,0,News & Politics,False
EGfy1BxGLIk,Colabore con las medidas de la PMT,Municipalidad de Guatemala,1437,0,0,Education,False
FQP4JTo9ShA,Rafael Carrera y el nacimiento de Guatemala,MundoHistoria,1420,0,0,Education,False
soZMwC0Cj18,Lluvias causan inundaciones y deslizamiento en Alta Verapaz,PrensaLibreOficial,1405,0,0,News & Politics,False
wS6yC3yOAeA,Noticiero El Informativo. Nuestra semana de resultados.,Gobierno de la República de Guatemala,1383,0,0,Entertainment,False
tqcZFVSXARQ,¿Listo para decir tengo #MiPrimeraCasa? 🏠✨,Gobierno de la República de Guatemala,1373,0,0,Entertainment,False
Z_pWnOi7oRw,#EnVivoDCA | Conferencia de prensa del Gobierno de Guatemala,Diario de Centro América,1329,0,0,News & Politics,False
R-fRv_WoZOE,Conferencia de Prensa del Gobierno de Guatemala. #LaRondaGT,Gobierno de la República de Guatemala,1284,0,0,Entertainment,False
iBX5DMQSf3s,Conmemoramos el 153 Aniversario de la Escuela Politécnica y Día del cadete.,Gobierno de la República de Guatemala,1264,0,0,Entertainment,False
74F3Mn_NWoE,"Acto de Graduación de los Cursos de Formación, Ascenso y Especialización Policial de la PNC.",Gobierno de la República de Guatemala,1197,0,0,Entertainment,False
1HQLJycvzaQ,Conferencia de Prensa del Gobierno de Guatemala. #LaRondaGt,Gobierno de la República de Guatemala,1175,0,0,Entertainment,False
JgmCtBQWNL8,Conferencia de Prensa del Gobierno de Guatemala. #LaRondaGt,Gobierno de la República de Guatemala,1165,0,0,Entertainment,False
bMoENbSBSNs,¿Por qué Guatemala es una República? El decreto del 21 de marzo de 1847 y Rafael Carrera,El profe de Historia Gt,1134,0,0,Education,False
bBz8nX4pMxc,Conred e Insivumeh informan sobre sismos en Guatemala este 31 de julio,Guatevisión,1115,0,0,Entertainment,False
MRJ9mKnXR9M,Labor de la PMT es honesta aseguran vecinos,Municipalidad de Guatemala,1075,0,0,People & Blogs,False
dJcNu9YYwh4,"Lluvias, ceniza y calor extremo: así estará el clima en Guatemala, según Insivumeh",PrensaLibreOficial,1061,0,0,News & Politics,False
iCbGedZRRE8,Conferencia de Prensa del Gobierno de Guatemala. #LaRondaGT,Gobierno de la República de Guatemala,1058,0,0,Entertainment,False
dvy9rQpqLWY,Conferencia de Prensa del Gobierno de Guatemala. #LaRondaGT,Gobierno de la República de Guatemala,959,0,0,Entertainment,False
n31eyGuRKqo,El tráfico en Guatemala nos está enfermando - TanGente Salud Mental,TanGente Podcast,932,0,0,People & Blogs,False
AlbPEU3rbZs,Conferencia de Prensa del Gobierno de Guatemala. #LaRondaGt,Gobierno de la República de Guatemala,870,0,0,Entertainment,False
tK__qZZ-H5w,Conferencia de Prensa del Gobierno de Guatemala. #LaRondaGT,Gobierno de la República de Guatemala,866,0,0,Entertainment,False
6z2Psav9Onw,Conferencia de Prensa del Gobierno de Guatemala. #LaRondaGt,Gobierno de la República de Guatemala,848,0,0,Entertainment,False
ffguGnMImL0,CIV inicia trabajos de bacheo y limpieza en las diferentes rutas del país,Gobierno de Guatemala,848,0,0,News & Politics,False
K2qWcueeMOc,#EnvivoDCA | Conferencia de prensa de Gobierno de Guatemala,Diario de Centro América,802,0,0,News & Politics,False
rjFut_yJcr8,Ministro de CIV conversó sobre los retos actuales de la infraestructura vial en Guatemala,Canal Antigua,800,0,0,News & Politics,False
5UNxNfcSzG4,Distinción del Cambio de la Rosa de la Paz a Pedro Castro López del INACOP,Gobierno de la República de Guatemala,741,0,0,Entertainment,False
8CuQ2_HTaN0,Conferencia de Prensa del Gobierno de Guatemala.,Gobierno de la República de Guatemala,735,0,0,Entertainment,False
AakUTlieyH0,Crisis de seguridad en Guatemala,Canal Antigua,733,0,0,News & Politics,False
mPtR2HskBTE,Municipalidad de Guatemala 17/02/2025,Concejales de Oposición - Muni Guate,729,0,0,People & Blogs,False
BLc_KXPng9g,Conferencia de Prensa del Gobierno de Guatemala. #LaRondaGT,Gobierno de la República de Guatemala,720,0,0,Entertainment,False
dsyLiSCrwcU,"3 KIEBRES ES DOLOROSO QUE EN CHIQUIMULA AÚN HAY COMUNIDADES SIN ENERGÍA ELÉCTRICA, GUATEMALA.",Cronos Time GT,701,0,0,Education,False
LRzZy8xBrjA,Conferencia de prensa ante el incremento de los combustibles.,Gobierno de la República de Guatemala,670,0,0,Entertainment,False
j4akBH678fw,El paso a desnivel Calzada Roosevelt lleva más conexión y mejor movilidad para la población.,Gobierno de la República de Guatemala,649,0,0,Entertainment,False
BnZFUzpEDe4,Municipalidad de Guatemala se moderniza,Municipalidad de Guatemala,642,0,0,People & Blogs,False
w57G_5jsqtU,Tráfico intenso por regreso a clases del sector público extiende horas pico en el área metropolitana,PrensaLibreOficial,625,0,0,News & Politics,False
vA6p51f14J4,Horarios especiales por celebraciones de fin de año,Municipalidad de Guatemala,606,0,0,News & Politics,False
7mdtGeIHQnE,"#LHEnContexto: Gestión de riesgos en GUATEMALA: Lo que debes saber, explicado por la CONRED",La Hora,570,0,0,News & Politics,False
FU5zLTb4inc,#EnVivoDCA | Conferencia de prensa del Gobierno de Guatemala,Diario de Centro América,549,0,0,News & Politics,False
K1IA6oTGws8,#EnVivoDCA | Conferencia de prensa del Gobierno de Guatemala,Diario de Centro América,530,0,0,News & Politics,False
7kuHyjwuE_o,Centro Municipal de Emprendimiento - Municipalidad de Guatemala,Centro Municipal de Emprendimiento MuniGuate,528,0,0,Entertainment,False
UDFS8gl80h8,#AprendeConCONRED qué es el Sistema CONRED y quienes lo conforman.,Conred,521,0,0,Education,False
2n31FhKmELI,TRÁFICO EN GUATEMALA,Fralis Maxiel Martinez,512,0,0,People & Blogs,False
csqia7f3OIE,SISTEMA CONRED Y METODOLOGÍA DE LOS 6 PASOS,Carlitos Gamboa,509,0,0,People & Blogs,False
5OhxjDvuYbQ,"Operativos PMT ""Cero Tolerancia"" para fin de año",Municipalidad de Guatemala,494,0,0,News & Politics,False
DX5eT-hVU8Q,250 años Ciudad de Guatemala,Municipalidad de Guatemala,491,0,0,News & Politics,False
cl3Rpw9MstQ,Municipalidad de Guatemala sigue trabajando,Municipalidad de Guatemala,484,0,0,News & Politics,False
1y61Kb9uSbg,Departamento de Tránsito de PNC certifica a 43 PMT en Educación Vial,Ministerio de Gobernación,471,0,0,News & Politics,False
wpYwX-bGoz0,CIV prioriza proyectos con potencial para generar desarrollo en Guatemala,CIV -Ministerio de Comunicaciones,468,0,0,People & Blogs,False
9wHujSu-nbQ,Quorum,Quorum,459,0,0,News & Politics,False
fenMcON-DjY,Encendido del Fuego Patrio y Mensaje Vicepresidencial,Gobierno de la República de Guatemala,424,0,0,Entertainment,False
ArljwpsURdY,"Entrevista especial con Claudinne Ogaldes, Secretaria Ejecutiva de la SE-CONRED",Conred,416,0,0,Education,False
qrdEegnTnaY,XVII Promoción de Brigadas PROVIAL,PROVIAL-CIV,416,0,0,People & Blogs,False
-O4Pa7qS9WQ,"Viaje completo Ciudad de Guatemala al IRTRA de Retalhuleu, menos tráfico, Diesel a Q42.59",Guate Maya Trip,383,0,0,Nonprofits & Activism,False
DMAKF8n0XJs,Guatemala TV • ID (2024-2026),Mdpls2,367,0,0,Film & Animation,False
SryjaiL2B4Q,#EnVivoDCA | Conferencia de prensa del Gobierno de Guatemala,Diario de Centro América,352,0,0,News & Politics,False
dWhSTyhegeQ,Personal de Provial explica de empresas que verificarán implementación de limitadores de velocidad,La Hora,341,0,0,News & Politics,False
TSID63-IC3Y,Operativo Relámpago de -PROVIAL - DGT - DIACO - en 41 Calle Zona 8 de la ciudad Capital.,PROVIAL-CIV,332,0,0,People & Blogs,False
6y3KQmmg3Oc,Noticiero El Informativo. Nuestra semana de resultados.,Gobierno de la República de Guatemala,303,0,0,Entertainment,False
almmnboHkwM,Se mueve Guate 🚌,Municipalidad de Guatemala,297,0,0,News & Politics,False
3LAwISMokIg,MUNICIPALIDAD DE GUATEMALA 17/12/2025,Concejales de Oposición - Muni Guate,294,0,0,People & Blogs,False
1-hr8eCOt_I,Este es el impacto ante el incremento del tráfico en la capital por el inicio de clases,AztecaGuate,289,0,0,Entertainment,False
lYyGqHAL5nM,Comuna lanzó nueva imagen de la PM y PMT,Municipalidad de Guatemala,286,0,0,People & Blogs,False
Fapc1-8m5Zc,Municipalidad de Guatemala 21/11/2025,Concejales de Oposición - Muni Guate,282,0,0,People & Blogs,False
XVZM15KVXjM,Conoce sobre la actualización de la Norma para la Reducción de Desastres número 2 (NRD2).,Conred,267,0,0,Education,False
tEfZlrP4L5I,#EnVivoDCA | Conferencia de Prensa del Gobierno de Guatemala,Diario de Centro América,265,0,0,News & Politics,False
iWYddxEszoM,#EnVivoDCA | Conferencia de prensa del Gobierno de Guatemala,Diario de Centro América,264,0,0,News & Politics,False
vp9MPfDG6AE,"Comunicado – COVIAL / Ministerio de Comunicaciones, Infraestructura y Vivienda",Noti7,260,0,0,News & Politics,False
l-mH80ygqFY,Avances en proyectos municipales por el desarrollo y bienestar en la ciudad.,Municipalidad de Guatemala,256,0,0,News & Politics,False
Q7nhEeibBK4,Desfile navideño 2024 - @MunicipalidaddeGuatemala-1551,ALIS MOLINA CREA,255,0,0,Entertainment,False
a_kAe9IhBbo,Tráiler impacta pasarela en Aguilar Batres y provoca cierre parcial hacia la capital,PrensaLibreOficial,255,0,0,News & Politics,False
I277M6i4jnY,Gestión del Riesgo de Desastres desde las comunidades.,Gobierno de la República de Guatemala,242,0,0,Entertainment,False
ShYWqmOpjFk,Ministro de Comunicaciones reitera sobre avances en ruta Palín-Escuintla,La Hora,242,0,0,News & Politics,False
RjG-y7Y2-k4,#EnVivoDCA | Conferencia de prensa del Gobierno de Guatemala,Diario de Centro América,239,0,0,News & Politics,False
CJQ46Hr4HcU,Municipalidad de Guatemala 19/12/2025,Concejales de Oposición - Muni Guate,222,0,0,People & Blogs,False
UcvHq8j-J38,"Ministerio de Comunicaciones, Infraestructura y Vivienda y los Consejos de Desarrollo",Ministerio de Finanzas Públicas Guatemala,222,0,0,News & Politics,False
7JerBdHtkWA,Cambio de horarios en Municipalidad de Guatemala,Canal 3 Guatemala,215,0,0,News & Politics,False
vqcF9RFMOLQ,"Ciudad de Guatemala, el mejor lugar para vivir",Municipalidad de Guatemala,215,0,0,News & Politics,False
jQGvhMPMuAI,#DiálogoCentral | El clima de la semana: adiós a la canícula ¿llegan las lluvias? 🌦️,Canal Antigua,214,0,0,News & Politics,False
vDVXM8ODuzM,#EnVivoDCA | Conferencia de Prensa del Gobierno de Guatemala,Diario de Centro América,214,0,0,News & Politics,False
IcF9rRdAtp8,Ministro de Comunicaciones Alejandro Sinibaldi realiza supervisión en la Ruta CA-1 Occidente,Ministerio de Comunicaciones Infraestructura y Vivienda,211,0,0,People & Blogs,False
wYZPaJdVuhE,#LaCharla ¿Quién dirigirá el sistema portuario y qué decisiones debe tomar primero?,Guatevisión,202,0,0,News & Politics,False
TTijnAoFnzY,Conred reprograma simulacro nacional para el 24 de febrero,T13 Noticias Guatemala,200,0,0,News & Politics,False
YLFXK2c60Xc,Por estas razones el 65% de las denuncias por violación en Guatemala nunca llega a un tribunal,Quorum,200,0,0,News & Politics,False
WXgGL9rZUHo,#EnvivoDCA | Conferencia de prensa del Gobierno de Guatemala,Diario de Centro América,190,0,0,News & Politics,False
pNInRBsPbHE,Encuentro por el agua,Quorum,185,0,0,News & Politics,False
ZHJoIah2Owo,Conoce como funciona el Sistema Conred #laprevenciónestareadetodos,Conred,182,0,0,Education,False
Nc_Iy0MriYw,🛑🛑Actualización PROVIAL🛑🛑,PROVIAL-CIV,179,0,0,News & Politics,False
GgU7qhmf020,Sueños GT: educación para la niñez de vendedores ambulantes en Antigua | Super - Episodio 1,Quorum,167,0,0,Nonprofits & Activism,False
2p23yPpu6aQ,#Conred,Noticias-FA-Gt,164,0,0,People & Blogs,False
bzosgvntOXU,Municipalidad de Guatemala 05/09/2025,Concejales de Oposición - Muni Guate,160,0,0,People & Blogs,False
TnZGNY1RsJE,Festival navideño 2025 @MunicipalidaddeGuatemala-1551,HeX4EveR,148,0,0,People & Blogs,False
mQH6bhmp_LY,Quorum: ¿Cómo investigamos la crisis del agua?,Quorum,142,0,0,News & Politics,False
GjGMSFSE1gY,"“Gracias a dios, no hay reelección” 🤡",Quorum,130,0,0,News & Politics,False
EZfm-05qtWo,Municipalidad de Guatemala prepara plan de actividades en Semana Santa 2023,Cucurucho en Guatemala,128,0,0,People & Blogs,False
UzeOcBM9cuU,Conred Podcast Episodio 04: Amenaza sísmica y volcánica en Guatemala,Conred,127,0,0,Education,False
mCoOL2p0il4,Municipalidad de Guatemala 08/08/2025,Concejales de Oposición - Muni Guate,118,0,0,People & Blogs,False
Ab0RrbzxyBU,Municipalidad de Guatemala 17/11/2025,Concejales de Oposición - Muni Guate,117,0,0,People & Blogs,False
cpoiRUtF9uU,Congreso termina jornada sin acuerdos para aliviar precio de combustibles #ALAS7AM (02/09/2026),Canal Antigua,117,0,0,News & Politics,False
5MFnG5B7ric,Municipalidad de Guatemala 09/07/2025,Concejales de Oposición - Muni Guate,107,0,0,People & Blogs,False
8n6momRcC04,Mantenimiento constante,Municipalidad de Guatemala,91,0,0,News & Politics,False
Oy6sKBhduu4,"Realizan Reunión Ordinaria de #CODEDE, 25 de febrero 2025.",Camarita Castro GT,84,0,0,People & Blogs,False
y8XMbMxMF8E,"Gracias a la inteligencia, coordinación y firmeza, se dió un duro golpe al crimen organizado",Ministerio de Gobernación,84,0,0,News & Politics,False
BW41jT3t3oI,Provial,PROVIAL-CIV,79,0,0,People & Blogs,False
C5hJmAhpMMQ,"YOUTUBE PUNTO DE ENFOQUE MARIO MEJÍA, SUBDIRECTOR DE INSIVUMEH",INSIVUMEH,79,0,0,Science & Technology,False
kaZgtwqwLrI,@rumzacapait @GobiernodeGuatemala,TRAYECTORIA Y EXITO CON ANABELLA CORDON,74,0,0,People & Blogs,False
5DRG-WGTq1k,El Sistema CONRED continúa activo y trabajando de manera coordinada #VolcánDeFuego.,Conred,68,0,0,Education,False
DkxSkQipYwo,PRESIDENTE BERNARDO ARÉVALO PARTICIPA EN EL ACTO CONMEMORATIVO DEL DÍA DEL EJÉRCITO,IDocumenta,66,0,0,News & Politics,False
ahicr7fQREY,Conred Podcast Episodio 9: Servidores Cívicos construyendo una cultura de prevención,Conred,65,0,0,Education,False
PMaSDoG0H1U,¿Adiós al tráfico? Así es la nueva carretera Radial 6 para Guatemala,La Red 1061,60,0,0,News & Politics,False
jSw-nFh94qQ,Gobernación promueve espacios de sana convivencia,Ministerio de Gobernación,59,0,0,News & Politics,False
Bi34XvRV6AM,Plan de Evacuación CONRED,MESCOGT,58,0,0,People & Blogs,False
DC1_qrLUvHI,Municipalidad de Guatemala 26/08/2026,Concejales de Oposición - Muni Guate,49,0,0,People & Blogs,False
a6QFfhpY53g,Provial Informa,PROVIAL-CIV,49,0,0,People & Blogs,False
1kSG-naIgqk,PRIMERA SEDE MIGRATORIA REGIONAL EN CHIQUIMULA,Vicepresidencia Guate,48,0,0,Entertainment,False
4FUed7cIhPU,El Sistema CONRED y el Gobierno de Guatemala trabajan unidos para atender emergencias.,Conred,47,0,0,Education,False
_NSq2q0mzCY,42K y 21K MuniGuate 🏃🏻🏃🏻‍♀️,Municipalidad de Guatemala,47,0,0,News & Politics,False
FuTz67jS7m0,124 nuevos brigadas refuerzan la seguridad vial en Guatemala,PROVIAL-CIV,45,0,0,Education,False
Q-MNTYsZgk4,¿Qué ha pasado con la contaminación del aire?,Quorum,45,0,0,News & Politics,False
UTf26hS1UJ8,🚦💙 PROVIAL: Proteger y Servir,PROVIAL-CIV,38,0,0,Education,False
fBljA_npiMs,Refuerzan acciones para prevenir y combatir la trata de personas,Ministerio de Gobernación,36,0,0,News & Politics,False
QUG4etpjgos,Guatemala Habla sobre la seguridad en el país,Diario de Centro América,35,0,0,News & Politics,False
JErfmk-TlRg,Rendición de Cuentas - Primer Cuatrimestre 2023,CIV -Ministerio de Comunicaciones,32,0,0,People & Blogs,False
WXA2Apo79jA,Resumen de atención a Emergencias CIV,CIV -Ministerio de Comunicaciones,29,0,0,News & Politics,False
LeN6wpNIB-4,GUATEMALA RECIBE 135 NICARAGUENESES LIBERADOS POR ORTEGA,IDocumenta,28,0,0,People & Blogs,False
OXf_VvvyIDw,Municipalidad de Guatemala 31/08/2026,Concejales de Oposición - Muni Guate,28,0,0,People & Blogs,False
xQgP0n8hVSI,"Primero te usan, y cuando ya no les sirves te desechan.",Ministerio de Gobernación,28,0,0,News & Politics,False
BUNeDEi0yVU,CIV LICITACIÓN 800 KM 110717,CIV -Ministerio de Comunicaciones,26,0,0,People & Blogs,False
Boj5GILjbI0,"Spot Rendición de Cuentas, segundo cuatrimestre 2023 - 2",CIV -Ministerio de Comunicaciones,26,0,0,People & Blogs,False
D3fRGjqHeHI,"Spot Rendición de Cuentas, segundo cuatrimestre 2023 - 1",CIV -Ministerio de Comunicaciones,23,0,0,People & Blogs,False
vNUiF-stTdo,resumen de noticias,INFOM TV,23,0,0,News & Politics,False
Mh94uXZvCLo,DE LOS BOTS AL RECHAZO: CERIMEDO Y LA “GUERRILLA DE LAS REDES” | CAPÍTULO 3 DE 8,La Coma,21,0,0,News & Politics,False
Rk-3ks9mh3o,CIV ✔️ garantiza transparencia 🔍 y rendición de cuentas📝,CIV -Ministerio de Comunicaciones,21,0,0,News & Politics,False
J_HBzJUTOus,Presentan estrategia nacional para prevenir violencia durante recorridos de antorchas,Ministerio de Gobernación,17,0,0,News & Politics,False
xEcC_aMDhAk,MINGOB y COPADEH avanzan en la protección de personas defensoras de DDHH,Ministerio de Gobernación,17,0,0,News & Politics,False
YSsECnqTVik,Suscriben convenios para transferencia de fondos a CAIMUS y entidades especializadas,Ministerio de Gobernación,15,0,0,News & Politics,False
wVncmfsugww,"Spot Rendición de Cuentas, tercer cuatrimestre 2023 - 1",CIV -Ministerio de Comunicaciones,15,0,0,People & Blogs,False
qFsSnnRdJBg,Avanza construcción de la Estrategia Nacional de Datos Abiertos,Ministerio de Gobernación,11,0,0,News & Politics,False
On7jqOm1bpg,🌟Seguimos avanzando🌱,CIV -Ministerio de Comunicaciones,10,0,0,News & Politics,False
45xQLtMlPdo,"PRESIDENTE DE GUATEMALA, BERNARDO ARÉVALO SE REFIERE AL “DÍA INTERNACIONAL DE LA LIBERTAD DE PRENSA”",IDocumenta,8,0,0,People & Blogs,False
BbAeamItalk,ZARAGOZA DA UN PASO HACIA EL FORTALECIMIENTO DEL DEPORTE CON NUEVA CIUDAD DEPORTIVA,IDocumenta,7,0,0,News & Politics,False
gbcggAMJczg,Dionel Art s Vídeo danzando con la muerte,Dionel.Art_music,7,0,0,People & Blogs,False
nKJhNH86HGE,Se realiza taller de UNICEF sobre el plan de acción de la política pública contra la violencia sexua,Ministerio de Gobernación,7,0,0,News & Politics,False
OgOICSTSa7k,¡DÉJAME VIVIR! GUATEMALA INTENSIFICA LA LUCHA CONTRA LA CACERÍA ILEGAL DE FAUNA SILVESTRE,IDocumenta,6,0,0,News & Politics,False
yCmBtmOm6nw,“¿DÓNDE ESTÁN?”: GOBIERNO IMPULSA MECANISMO PARA BUSCAR A DESAPARECIDOS DEL CONFLICTO ARMADO,IDocumenta,6,0,0,News & Politics,False
90oVm0P4_9Q,"El MINGOB a través del Viceministerio de Seguridad, combate el crimen organizado.",Ministerio de Gobernación,5,0,0,News & Politics,False
-E7OPOLjMug,BERNARDO ARÉVALO CALIFICA CAMBIO EN EL MP COMO EL FIN DE UNA ETAPA DE DETERIORO INSTITUCIONAL,IDocumenta,4,0,0,People & Blogs,False
lAsODhYGcTE,Gobierno busca a toda costa sacar a Consuelo Porras,Noticias VR,3,0,0,People & Blogs,False
6Wf0ItQUaDU,“Queremos generar 60 mil empleos”: Victorino Carranza revela el plan y las pérdidas de la Gremipe,Campus TV,2,0,0,News & Politics,False
aRKgOSxgsF0,@GobiernodeGuatemala,luis arturo ceberg ulban,2,0,0,People & Blogs,False
