video_1,video_2,autores_compartidos
La cooptación de Walter Mazariegos en la ...,Qué rico come tu diputado,2
Internet: escoger el menos malo,Arroz con pollo a la MONOPOLIO,2
Capturan a presuntos delincuentes disfraz...,Inician los trabajos de recuperación del ...,1
Inician los trabajos de recuperación del ...,Conferencia de Prensa del Gobierno de Gua...,1
Conferencia de Prensa del Gobierno de Gua...,Qué rico come tu diputado,1
Caminar en una ciudad hecha para carros,Arroz con pollo a la MONOPOLIO,1
Caminar en una ciudad hecha para carros,Internet: escoger el menos malo,1
Bloqueos en Guatemala este 31 de agosto p...,Qué rico come tu diputado,1
Capturan a ladrón que había quedado graba...,La cooptación de Walter Mazariegos en la ...,1
La cooptación de Walter Mazariegos en la ...,Internet: escoger el menos malo,1
Qué rico come tu diputado,Internet: escoger el menos malo,1
