node_id,tipo,etiqueta,handle,comentarios,videos_unicos,canales_unicos,sentimiento_medio,visualizaciones,autores_unicos,categoria,id_original,componente,grado
autor::UC-HeUTT6_g-VoiWds2a4H-w,autor,@JorgeMunoz-gd9et,/@JorgeMunoz-gd9et,1,1.0,1.0,1.0,,,,UC-HeUTT6_g-VoiWds2a4H-w,1,1
autor::UC-Iul5tDYH_oiAMXQH-KaaQ,autor,@AlbertoMancilla-p9h,/@AlbertoMancilla-p9h,1,1.0,1.0,1.0,,,,UC-Iul5tDYH_oiAMXQH-KaaQ,1,1
autor::UC-QOpE7GOxlXcHZ8b7HbQKA,autor,@mariaalexander427,/@mariaalexander427,2,1.0,1.0,0.0,,,,UC-QOpE7GOxlXcHZ8b7HbQKA,2,1
autor::UC-fiZBS5Gp1eCJd9ucgWnCg,autor,@Tommii.10,/@Tommii.10,1,1.0,1.0,0.0,,,,UC-fiZBS5Gp1eCJd9ucgWnCg,1,1
autor::UC-hfX8J5JPJ-dfuakzegMLA,autor,@normaleticiaorozcojuarez2418,/@normaleticiaorozcojuarez2418,1,1.0,1.0,1.0,,,,UC-hfX8J5JPJ-dfuakzegMLA,1,1
autor::UC-jS_kA9w-OmpupXDx156Rg,autor,@simoncreyesc7579,/@simoncreyesc7579,1,1.0,1.0,0.0,,,,UC-jS_kA9w-OmpupXDx156Rg,1,1
autor::UC-pNP6RMFuLg_-x7Ah_0kEA,autor,@almacatalan2717,/@almacatalan2717,1,1.0,1.0,0.0,,,,UC-pNP6RMFuLg_-x7Ah_0kEA,1,1
autor::UC094EFEmMSdwVa8NQjjYBXg,autor,@CelestinoQuej-j7k,/@CelestinoQuej-j7k,1,1.0,1.0,0.0,,,,UC094EFEmMSdwVa8NQjjYBXg,1,1
autor::UC0HvfEWozTHbwl_iEmJNvVA,autor,@OttoPalencia-b7r,/@OttoPalencia-b7r,1,1.0,1.0,-1.0,,,,UC0HvfEWozTHbwl_iEmJNvVA,1,1
autor::UC0RpuMwkDKJYqgKHtsJRuWQ,autor,@sabinamarinaguerra3248,/@sabinamarinaguerra3248,1,1.0,1.0,1.0,,,,UC0RpuMwkDKJYqgKHtsJRuWQ,3,1
autor::UC0aEyakBPqcBkVJiErfSupQ,autor,@jhonymanuel9891,/@jhonymanuel9891,1,1.0,1.0,0.0,,,,UC0aEyakBPqcBkVJiErfSupQ,3,1
autor::UC14qlobYKqD-DO0j6b75lcA,autor,@megavision4488,/@megavision4488,1,1.0,1.0,1.0,,,,UC14qlobYKqD-DO0j6b75lcA,1,1
autor::UC1DpqK6vaPEkBOMNvypsKYg,autor,@HectorCarranza-u4j4o,/@HectorCarranza-u4j4o,1,1.0,1.0,-1.0,,,,UC1DpqK6vaPEkBOMNvypsKYg,1,1
autor::UC1NiEdJ7gk6FlDexIalWnGg,autor,@BorisTebalán,/@BorisTebal%C3%A1n,1,1.0,1.0,1.0,,,,UC1NiEdJ7gk6FlDexIalWnGg,1,1
autor::UC1WlJfQmaIskYhP4gmWoamw,autor,@marthareiss5434,/@marthareiss5434,1,1.0,1.0,0.0,,,,UC1WlJfQmaIskYhP4gmWoamw,2,1
autor::UC1Y7x3h0c95Z8kUhi-Tzaeg,autor,@rosadiaz9235,/@rosadiaz9235,1,1.0,1.0,0.0,,,,UC1Y7x3h0c95Z8kUhi-Tzaeg,1,1
autor::UC1vr9aaMI2crB0NvwFHUeoQ,autor,@JoseSimilox-p6e,/@JoseSimilox-p6e,1,1.0,1.0,1.0,,,,UC1vr9aaMI2crB0NvwFHUeoQ,1,1
autor::UC2Y_EHWQKevubk4vOEBBFxw,autor,@alfonsomorales2653,/@alfonsomorales2653,1,1.0,1.0,0.0,,,,UC2Y_EHWQKevubk4vOEBBFxw,1,1
autor::UC2ngpd8UBQu4gcUYy0goAtg,autor,@juliohernandez7438,/@juliohernandez7438,1,1.0,1.0,-1.0,,,,UC2ngpd8UBQu4gcUYy0goAtg,1,1
autor::UC2weSE8rpqkGMOp6StYtVfg,autor,@katerynsantiago2907,/@katerynsantiago2907,1,1.0,1.0,1.0,,,,UC2weSE8rpqkGMOp6StYtVfg,1,1
autor::UC32oozucwCF3q8d4m8fyOUg,autor,@RauldejesusOlivagonzalez,/@RauldejesusOlivagonzalez,1,1.0,1.0,0.0,,,,UC32oozucwCF3q8d4m8fyOUg,1,1
autor::UC3E9mAgP7VoAE5mZoAexl5g,autor,@EnnioAroche,/@EnnioAroche,1,1.0,1.0,0.0,,,,UC3E9mAgP7VoAE5mZoAexl5g,1,1
autor::UC3MYTqpQqlWBuCB7Th0e0PA,autor,@isaaclopez7220,/@isaaclopez7220,1,1.0,1.0,1.0,,,,UC3MYTqpQqlWBuCB7Th0e0PA,1,1
autor::UC3NMzdMYryaw82kPTnsaljg,autor,@marisosa7832,/@marisosa7832,1,1.0,1.0,0.0,,,,UC3NMzdMYryaw82kPTnsaljg,1,1
autor::UC3UVO7pTbeYvZ3ILEyRDskQ,autor,@rosaelenaargueta79,/@rosaelenaargueta79,1,1.0,1.0,0.0,,,,UC3UVO7pTbeYvZ3ILEyRDskQ,1,1
autor::UC3XTwHxygNCgjndsg-UiCQA,autor,@marioajset4283,/@marioajset4283,3,1.0,1.0,-0.3333333333333333,,,,UC3XTwHxygNCgjndsg-UiCQA,1,1
autor::UC3YpzAr7pcdKC7BVFEpYzog,autor,@carmenfigueroa1232,/@carmenfigueroa1232,1,1.0,1.0,-1.0,,,,UC3YpzAr7pcdKC7BVFEpYzog,1,1
autor::UC3iIU62XKUOWuqL8BqBzj9A,autor,@antonioduarte2288,/@antonioduarte2288,1,1.0,1.0,0.0,,,,UC3iIU62XKUOWuqL8BqBzj9A,1,1
autor::UC3qn1yJA5PeW9rkGPatQxiw,autor,@VICTOREST19,/@VICTOREST19,1,1.0,1.0,0.0,,,,UC3qn1yJA5PeW9rkGPatQxiw,1,1
autor::UC4Avya4kmR4Q0FrfFdBozSQ,autor,@davidlima1348,/@davidlima1348,1,1.0,1.0,0.0,,,,UC4Avya4kmR4Q0FrfFdBozSQ,1,1
autor::UC4cXueR2bKGFJV0Fk76gwmA,autor,@aluxdel4792,/@aluxdel4792,1,1.0,1.0,0.0,,,,UC4cXueR2bKGFJV0Fk76gwmA,1,1
autor::UC4kg7zuTfqQKLd2bkZrSYBA,autor,@zoilagarcia9019,/@zoilagarcia9019,1,1.0,1.0,0.0,,,,UC4kg7zuTfqQKLd2bkZrSYBA,1,1
autor::UC4wq3DcbfaG6dtCqn8Oyu3w,autor,@hugoasencio7764,/@hugoasencio7764,1,1.0,1.0,0.0,,,,UC4wq3DcbfaG6dtCqn8Oyu3w,1,1
autor::UC5H8ASmMC9WrURmzeB4ySog,autor,@ManuelEdran,/@ManuelEdran,5,1.0,1.0,0.0,,,,UC5H8ASmMC9WrURmzeB4ySog,1,1
autor::UC5PrBbmUlQolwqmiru7yZhw,autor,@lazarochavez8269,/@lazarochavez8269,1,1.0,1.0,1.0,,,,UC5PrBbmUlQolwqmiru7yZhw,1,1
autor::UC5PyGvSfFM--OVKmQ3COu6g,autor,@FreddyGmez,/@FreddyGmez,1,1.0,1.0,0.0,,,,UC5PyGvSfFM--OVKmQ3COu6g,3,1
autor::UC5bG9nc_JV3FsNP2KseQiYw,autor,@giovannirodas4836,/@giovannirodas4836,1,1.0,1.0,0.0,,,,UC5bG9nc_JV3FsNP2KseQiYw,1,1
autor::UC5fvhAfm89JH8eDFdvc0xYw,autor,@isaidiaz2388,/@isaidiaz2388,1,1.0,1.0,0.0,,,,UC5fvhAfm89JH8eDFdvc0xYw,3,1
autor::UC5hvEnRUzI4Kfvwnyi4QxqQ,autor,@leonelsantizo5281,/@leonelsantizo5281,1,1.0,1.0,0.0,,,,UC5hvEnRUzI4Kfvwnyi4QxqQ,1,1
autor::UC5wuDq3U3vRAhOQI3D7gNdw,autor,@allanreneramirezgonzalez534,/@allanreneramirezgonzalez534,1,1.0,1.0,1.0,,,,UC5wuDq3U3vRAhOQI3D7gNdw,1,1
autor::UC63tFvbQ_hJhGDi2nbjssjw,autor,@AbigailRodas-w2r,/@AbigailRodas-w2r,1,1.0,1.0,0.0,,,,UC63tFvbQ_hJhGDi2nbjssjw,1,1
autor::UC650pRT-OYzny3GwOH8Cgfw,autor,@edvinparedesherrera7632,/@edvinparedesherrera7632,1,1.0,1.0,0.0,,,,UC650pRT-OYzny3GwOH8Cgfw,1,1
autor::UC6PvO1_k5lHKGdAPo5_C6TA,autor,@johnmejia992,/@johnmejia992,1,1.0,1.0,0.0,,,,UC6PvO1_k5lHKGdAPo5_C6TA,1,1
autor::UC6Uj1FT5JjDSF8vudvDxPAA,autor,@alfredoortega9264,/@alfredoortega9264,1,1.0,1.0,0.0,,,,UC6Uj1FT5JjDSF8vudvDxPAA,1,1
autor::UC6YSZqL0vEcI-niPKIMUGfw,autor,@maxwellsales885,/@maxwellsales885,1,1.0,1.0,-1.0,,,,UC6YSZqL0vEcI-niPKIMUGfw,1,1
autor::UC6xI_MOaxajIWpoP8BH6E_Q,autor,@jahirdiaz5862,/@jahirdiaz5862,1,1.0,1.0,0.0,,,,UC6xI_MOaxajIWpoP8BH6E_Q,4,1
autor::UC72gBAtyb_VXQlYDcFrh6oQ,autor,@osmanmorales3012,/@osmanmorales3012,3,1.0,1.0,0.0,,,,UC72gBAtyb_VXQlYDcFrh6oQ,1,1
autor::UC7IMsCxfZyWN7YQo8-JYa6Q,autor,@Burgos68,/@Burgos68,2,1.0,1.0,0.5,,,,UC7IMsCxfZyWN7YQo8-JYa6Q,1,1
autor::UC7VUuJr9cGh845CmTvf7TlQ,autor,@LuisCastillo-oz4df,/@LuisCastillo-oz4df,1,1.0,1.0,-1.0,,,,UC7VUuJr9cGh845CmTvf7TlQ,1,1
autor::UC7dadZG7kkGYnsNu6td0FbA,autor,@lesolorzano,/@lesolorzano,1,1.0,1.0,0.0,,,,UC7dadZG7kkGYnsNu6td0FbA,1,1
autor::UC816IGbFCZinfYS1LRDaaHg,autor,@ingenieroar,/@ingenieroar,1,1.0,1.0,0.0,,,,UC816IGbFCZinfYS1LRDaaHg,1,1
autor::UC8F2V63KZ4ZEay6opX2hAQw,autor,@carmenr6311,/@carmenr6311,1,1.0,1.0,0.0,,,,UC8F2V63KZ4ZEay6opX2hAQw,1,1
autor::UC8G5cJONY8L9voMyBW8Eoug,autor,@luisparedes-pw6qt,/@luisparedes-pw6qt,1,1.0,1.0,0.0,,,,UC8G5cJONY8L9voMyBW8Eoug,1,1
autor::UC8r11yOugM2NuRfitQOxLLg,autor,@cesaraugustomoralesmonroy6907,/@cesaraugustomoralesmonroy6907,1,1.0,1.0,0.0,,,,UC8r11yOugM2NuRfitQOxLLg,1,1
autor::UC8xlJWNHz1V_W6q3fbuQH8g,autor,@NormaLópez-v7e,/@NormaL%C3%B3pez-v7e,1,1.0,1.0,1.0,,,,UC8xlJWNHz1V_W6q3fbuQH8g,1,1
autor::UC95PSMouTx2N5CbSq0hIyrQ,autor,@lisss1908,/@lisss1908,1,1.0,1.0,0.0,,,,UC95PSMouTx2N5CbSq0hIyrQ,1,1
autor::UC9Wp6vL5oCU37qC3Aj94WZA,autor,@ManuelSanchez-b8q2z,/@ManuelSanchez-b8q2z,1,1.0,1.0,1.0,,,,UC9Wp6vL5oCU37qC3Aj94WZA,1,1
autor::UC9vMq1YF-e7C-VO0SHkbUTA,autor,@ErvinLeonardoCarreraLatín,/@ErvinLeonardoCarreraLat%C3%ADn,4,1.0,1.0,0.0,,,,UC9vMq1YF-e7C-VO0SHkbUTA,1,1
autor::UC9xr9QvIcDvoZNUX5f-jaZw,autor,@MariaaliciaColonmorales,/@MariaaliciaColonmorales,1,1.0,1.0,0.0,,,,UC9xr9QvIcDvoZNUX5f-jaZw,1,1
autor::UCA93ym2TXs_Ibyxb4Vcn-6Q,autor,@oswaldosolis8728,/@oswaldosolis8728,1,1.0,1.0,0.0,,,,UCA93ym2TXs_Ibyxb4Vcn-6Q,1,1
autor::UCAKuKvcbfnBD3kF5njNu-IA,autor,@melvinlopez7096,/@melvinlopez7096,1,1.0,1.0,1.0,,,,UCAKuKvcbfnBD3kF5njNu-IA,1,1
autor::UCAV7QIjYhbDJaycQycM_0eQ,autor,@mariavail8998,/@mariavail8998,1,1.0,1.0,0.0,,,,UCAV7QIjYhbDJaycQycM_0eQ,1,1
autor::UCAlzM_N6xBlMYmM8EBzX86Q,autor,@carlossoto3252,/@carlossoto3252,1,1.0,1.0,1.0,,,,UCAlzM_N6xBlMYmM8EBzX86Q,1,1
autor::UCAmtbUiIrUIhikru0ZoTFig,autor,@Aura-vf6dm,/@Aura-vf6dm,1,1.0,1.0,0.0,,,,UCAmtbUiIrUIhikru0ZoTFig,1,1
autor::UCAxvOOHQk7dYPOajzFEVtbA,autor,@ruddydepaz322,/@ruddydepaz322,2,1.0,1.0,0.0,,,,UCAxvOOHQk7dYPOajzFEVtbA,1,1
autor::UCB5p8a5gklc80jJItP6xTHg,autor,@ernestogamboa8737,/@ernestogamboa8737,1,1.0,1.0,0.0,,,,UCB5p8a5gklc80jJItP6xTHg,1,1
autor::UCBlm80VQ4YoV3bUJR_XhkaQ,autor,@rosadiaz6945,/@rosadiaz6945,2,1.0,1.0,0.0,,,,UCBlm80VQ4YoV3bUJR_XhkaQ,2,1
autor::UCBtB5dIyx-C16UN8ClUD2UA,autor,@alexmonzon4257,/@alexmonzon4257,1,1.0,1.0,0.0,,,,UCBtB5dIyx-C16UN8ClUD2UA,1,1
autor::UCCBYcToQ2dwkd6TJh0FSyDg,autor,@lidiarodriguez3493,/@lidiarodriguez3493,1,1.0,1.0,0.0,,,,UCCBYcToQ2dwkd6TJh0FSyDg,1,1
autor::UCCUmP4PlbwgikVFpYwbtRTg,autor,@alhvi,/@alhvi,1,1.0,1.0,1.0,,,,UCCUmP4PlbwgikVFpYwbtRTg,1,1
autor::UCCaYwkkbQGcvFoUmothVdQQ,autor,@OsvaldoAguirre-l3i,/@OsvaldoAguirre-l3i,1,1.0,1.0,1.0,,,,UCCaYwkkbQGcvFoUmothVdQQ,1,1
autor::UCDIMztpVm7G27qBuiWuT6oQ,autor,@lizardomorataya8274,/@lizardomorataya8274,1,1.0,1.0,0.0,,,,UCDIMztpVm7G27qBuiWuT6oQ,1,1
autor::UCDPWkUX3sNNaCx-m1dV4glA,autor,@hectoroliva949,/@hectoroliva949,1,1.0,1.0,-1.0,,,,UCDPWkUX3sNNaCx-m1dV4glA,1,1
autor::UCDQaQv0hr2SS_PO-CMEwVHg,autor,@federicosaquimux1933,/@federicosaquimux1933,1,1.0,1.0,1.0,,,,UCDQaQv0hr2SS_PO-CMEwVHg,1,1
autor::UCDUffaruH6dyUnUGwsTKpgg,autor,@luisletona2842,/@luisletona2842,1,1.0,1.0,0.0,,,,UCDUffaruH6dyUnUGwsTKpgg,1,1
autor::UCDftMWXQoJ6nONfY7GVOVjg,autor,@luisgpacheco5858,/@luisgpacheco5858,1,1.0,1.0,0.0,,,,UCDftMWXQoJ6nONfY7GVOVjg,1,1
autor::UCDlr1VadSucIZgZ171pRBjQ,autor,@cuabatzjj5924,/@cuabatzjj5924,1,1.0,1.0,0.0,,,,UCDlr1VadSucIZgZ171pRBjQ,1,1
autor::UCDrmf9y9nLgFY5wnA2hTuGA,autor,@laboratorio5528,/@laboratorio5528,1,1.0,1.0,1.0,,,,UCDrmf9y9nLgFY5wnA2hTuGA,1,1
autor::UCEHXl4VvvVpq-_4xC5tsbhg,autor,@anibalg47,/@anibalg47,1,1.0,1.0,0.0,,,,UCEHXl4VvvVpq-_4xC5tsbhg,1,1
autor::UCEgEQmRbtL5fwr9_DqAC--g,autor,@ArielRodas-g5y,/@ArielRodas-g5y,1,1.0,1.0,0.0,,,,UCEgEQmRbtL5fwr9_DqAC--g,1,1
autor::UCErZPJpHmLCsXs8ZWkAUupQ,autor,@dorisl.garciaroche7763,/@dorisl.garciaroche7763,1,1.0,1.0,0.0,,,,UCErZPJpHmLCsXs8ZWkAUupQ,1,1
autor::UCFFrEmn6lPYiWyElpfzTy5Q,autor,@denilsonlopez4083,/@denilsonlopez4083,1,1.0,1.0,0.0,,,,UCFFrEmn6lPYiWyElpfzTy5Q,1,1
autor::UCFOxCyF926Y9eHhMeVoWLzw,autor,@arielsarc09,/@arielsarc09,1,1.0,1.0,0.0,,,,UCFOxCyF926Y9eHhMeVoWLzw,3,1
autor::UCFUuDARXdmmIrLppEqf-rFg,autor,@allanmunoz7410,/@allanmunoz7410,1,1.0,1.0,0.0,,,,UCFUuDARXdmmIrLppEqf-rFg,1,1
autor::UCFhxtoeARHPnXXPcDrOU3Xg,autor,@diegoalejandrolopezmendez205,/@diegoalejandrolopezmendez205,1,1.0,1.0,0.0,,,,UCFhxtoeARHPnXXPcDrOU3Xg,1,1
autor::UCFjudnPLoaSL1BaRuLahyHg,autor,@HaroldoCastillo-rh9iw,/@HaroldoCastillo-rh9iw,3,1.0,1.0,0.0,,,,UCFjudnPLoaSL1BaRuLahyHg,1,1
autor::UCFoIAE8k82D6AV-8gjjKaNg,autor,@eddymunoz9789,/@eddymunoz9789,1,1.0,1.0,1.0,,,,UCFoIAE8k82D6AV-8gjjKaNg,1,1
autor::UCFxE8GbokBrBsPEKM1xrOjQ,autor,@JuanDavila-qd7qj,/@JuanDavila-qd7qj,1,1.0,1.0,-1.0,,,,UCFxE8GbokBrBsPEKM1xrOjQ,1,1
autor::UCFybmWapGvBKcQod7cPPH9w,autor,@vitalianochavez8382,/@vitalianochavez8382,1,1.0,1.0,0.0,,,,UCFybmWapGvBKcQod7cPPH9w,1,1
autor::UCGGHbtfbbe0o68etrOf0qxw,autor,@karensussetteleonvargas9794,/@karensussetteleonvargas9794,1,1.0,1.0,0.0,,,,UCGGHbtfbbe0o68etrOf0qxw,1,1
autor::UCGX_UbAQOXGZknv5iqklwTA,autor,@ronaldgarcia8522,/@ronaldgarcia8522,1,1.0,1.0,0.0,,,,UCGX_UbAQOXGZknv5iqklwTA,1,1
autor::UCGZMgmM92E3njyXNe9-kjAQ,autor,@pasionpornada,/@pasionpornada,1,1.0,1.0,0.0,,,,UCGZMgmM92E3njyXNe9-kjAQ,2,1
autor::UCGj2v6Gl5bN8NSrzJMXS-CA,autor,@juliogutierrez492,/@juliogutierrez492,1,1.0,1.0,0.0,,,,UCGj2v6Gl5bN8NSrzJMXS-CA,1,1
autor::UCGm3gRBEHGRJYmtCryZLtDw,autor,@JoséLopez-g6k,/@Jos%C3%A9Lopez-g6k,1,1.0,1.0,0.0,,,,UCGm3gRBEHGRJYmtCryZLtDw,1,1
autor::UCGqKxQS-z3NZzZF-2w338AA,autor,@samuelaguilar529,/@samuelaguilar529,1,1.0,1.0,1.0,,,,UCGqKxQS-z3NZzZF-2w338AA,3,1
autor::UCGzXwyCzMzGmjmCbH3Hg01Q,autor,@FidelZacarias-ph7dy,/@FidelZacarias-ph7dy,1,1.0,1.0,0.0,,,,UCGzXwyCzMzGmjmCbH3Hg01Q,1,1
autor::UCHGd14aYuZZShLD73dkk6mg,autor,@noemiherrera3152,/@noemiherrera3152,1,1.0,1.0,0.0,,,,UCHGd14aYuZZShLD73dkk6mg,5,1
autor::UCHMQ_lDhibZ-XZ_3fo6oxwg,autor,@crislexrubi4387,/@crislexrubi4387,1,1.0,1.0,1.0,,,,UCHMQ_lDhibZ-XZ_3fo6oxwg,3,1
autor::UCHTGCgY2l-DQJIvlA_cpa_Q,autor,@virgiliogarcia3039,/@virgiliogarcia3039,3,2.0,2.0,0.0,,,,UCHTGCgY2l-DQJIvlA_cpa_Q,1,2
autor::UCHbwIx9pmQuf7i-4_xO2EpA,autor,@caminoseternos752,/@caminoseternos752,1,1.0,1.0,1.0,,,,UCHbwIx9pmQuf7i-4_xO2EpA,1,1
autor::UCHhHUjaMAZ8SiXdCUCj9DkQ,autor,@fredymendez1786,/@fredymendez1786,2,1.0,1.0,0.0,,,,UCHhHUjaMAZ8SiXdCUCj9DkQ,1,1
autor::UCHu8x4MVkayU6VgwVKd--MQ,autor,@Hernandez-i1o,/@Hernandez-i1o,1,1.0,1.0,0.0,,,,UCHu8x4MVkayU6VgwVKd--MQ,1,1
autor::UCIUhbSCy3-SGRe5UtqM4fzQ,autor,@jeanmorales1677,/@jeanmorales1677,1,1.0,1.0,-1.0,,,,UCIUhbSCy3-SGRe5UtqM4fzQ,3,1
autor::UCIXLDYqR_syskKRJy_x9W9Q,autor,@carlitosramirez4739,/@carlitosramirez4739,1,1.0,1.0,0.0,,,,UCIXLDYqR_syskKRJy_x9W9Q,1,1
autor::UCIgoiXdIKJyUGmUoH2Lxdzg,autor,@susievidal4134,/@susievidal4134,1,1.0,1.0,0.0,,,,UCIgoiXdIKJyUGmUoH2Lxdzg,2,1
autor::UCIp19h9igblA2YKfSLPDAug,autor,@JoseReyes-rn6sh,/@JoseReyes-rn6sh,1,1.0,1.0,0.0,,,,UCIp19h9igblA2YKfSLPDAug,3,1
autor::UCJp3OrVYcBorC94sKwdch_A,autor,@ULJoshmg2011,/@ULJoshmg2011,1,1.0,1.0,0.6,,,,UCJp3OrVYcBorC94sKwdch_A,1,1
autor::UCJxJC56BSAX-ArD0NAb9qnQ,autor,@alfonsowilian9157,/@alfonsowilian9157,1,1.0,1.0,-1.0,,,,UCJxJC56BSAX-ArD0NAb9qnQ,6,1
autor::UCKDR0f2fu2UzWL8mBv5-BHw,autor,@mireyamorales6595,/@mireyamorales6595,1,1.0,1.0,-1.0,,,,UCKDR0f2fu2UzWL8mBv5-BHw,1,1
autor::UCKVzDUqbtdSMBcexaEtMmzQ,autor,@rotorairgroup8409,/@rotorairgroup8409,1,1.0,1.0,0.0,,,,UCKVzDUqbtdSMBcexaEtMmzQ,7,1
autor::UCL13XhnRzbGokEkCkEOb0-g,autor,@raquelprado3643,/@raquelprado3643,2,1.0,1.0,0.0,,,,UCL13XhnRzbGokEkCkEOb0-g,1,1
autor::UCL1MT278vSaQ83ZDkVWn1gw,autor,@elmorodriguez6978,/@elmorodriguez6978,1,1.0,1.0,-1.0,,,,UCL1MT278vSaQ83ZDkVWn1gw,1,1
autor::UCLFdHr9BEbXHkoJopbEPLZw,autor,@kanterra4584,/@kanterra4584,2,1.0,1.0,0.0,,,,UCLFdHr9BEbXHkoJopbEPLZw,1,1
autor::UCLXYp1Cvc5DLtq5UQL5D9vw,autor,@jorgecifuentes-m5g,/@jorgecifuentes-m5g,1,1.0,1.0,0.0,,,,UCLXYp1Cvc5DLtq5UQL5D9vw,1,1
autor::UCLggDc_a5HriXv7I1h02sOA,autor,@guillermogonzalez5153,/@guillermogonzalez5153,2,1.0,1.0,0.0,,,,UCLggDc_a5HriXv7I1h02sOA,1,1
autor::UCLh1Kde4_vI1sTZBkTNP7RQ,autor,@JoelReynoso-d4r,/@JoelReynoso-d4r,1,1.0,1.0,0.0,,,,UCLh1Kde4_vI1sTZBkTNP7RQ,1,1
autor::UCN2N_wYOw6fMwCeSzdXLPIw,autor,@danielantoniogonzalezflore4901,/@danielantoniogonzalezflore4901,1,1.0,1.0,1.0,,,,UCN2N_wYOw6fMwCeSzdXLPIw,1,1
autor::UCN6qbfPSzFtjhqUDZ3Cv3CQ,autor,@carlosmedranovelasquez6380,/@carlosmedranovelasquez6380,1,1.0,1.0,0.0,,,,UCN6qbfPSzFtjhqUDZ3Cv3CQ,1,1
autor::UCNBnKqWf4d-rS4HwJRQljmQ,autor,@LE_A22,/@LE_A22,2,1.0,1.0,0.0,,,,UCNBnKqWf4d-rS4HwJRQljmQ,1,1
autor::UCNIeXbV_mEwpa412h1aqUWw,autor,@juandeleon9060,/@juandeleon9060,3,1.0,1.0,0.0,,,,UCNIeXbV_mEwpa412h1aqUWw,1,1
autor::UCNiMNUJvaRJb0_QLClqwVnA,autor,@Santiago.Nolasco,/@Santiago.Nolasco,1,1.0,1.0,1.0,,,,UCNiMNUJvaRJb0_QLClqwVnA,7,1
autor::UCNkcuy42zEwddwEcOd_HpnA,autor,@vanigomez492,/@vanigomez492,1,1.0,1.0,0.0,,,,UCNkcuy42zEwddwEcOd_HpnA,1,1
autor::UCNpt5CQlTzNjlAKY6CJtClQ,autor,@eustaquiogomez9975,/@eustaquiogomez9975,1,1.0,1.0,0.0,,,,UCNpt5CQlTzNjlAKY6CJtClQ,1,1
autor::UCO0zwwLWGyDgQmWPJ5Qrr1w,autor,@elsalvador3605,/@elsalvador3605,1,1.0,1.0,0.0,,,,UCO0zwwLWGyDgQmWPJ5Qrr1w,1,1
autor::UCOARn3hnfkB7-_Rwa8Hoqcw,autor,@nicelol5241,/@nicelol5241,1,1.0,1.0,0.0,,,,UCOARn3hnfkB7-_Rwa8Hoqcw,1,1
autor::UCOLGv5Pf6BF2wFcwUzgcvHg,autor,@welfrealdana5559,/@welfrealdana5559,2,1.0,1.0,0.0,,,,UCOLGv5Pf6BF2wFcwUzgcvHg,1,1
autor::UCOLHH4ZpMxPYF-Q6e6wvn5A,autor,@luisroldan7374,/@luisroldan7374,1,1.0,1.0,0.0,,,,UCOLHH4ZpMxPYF-Q6e6wvn5A,2,1
autor::UCOS8ViEkccrTZx2w2ccxotA,autor,@OscarHernandez-q8y,/@OscarHernandez-q8y,1,1.0,1.0,0.0,,,,UCOS8ViEkccrTZx2w2ccxotA,1,1
autor::UCOY3XpD9qMCRSA8AA8c4CAw,autor,@franciscorodas9686,/@franciscorodas9686,1,1.0,1.0,1.0,,,,UCOY3XpD9qMCRSA8AA8c4CAw,1,1
autor::UCOcUI5XkTYNMSFhZNMIPpGg,autor,@hendersonlopez3864,/@hendersonlopez3864,1,1.0,1.0,0.0,,,,UCOcUI5XkTYNMSFhZNMIPpGg,1,1
autor::UCOh6DaZC_x9HASnlRylEMfw,autor,@AndresMedina-v1s,/@AndresMedina-v1s,1,1.0,1.0,-1.0,,,,UCOh6DaZC_x9HASnlRylEMfw,1,1
autor::UCPLW0HE3siElqCgXfgWxMqg,autor,@elizabethmonterroso7719,/@elizabethmonterroso7719,1,1.0,1.0,0.0,,,,UCPLW0HE3siElqCgXfgWxMqg,8,1
autor::UCPNXmbOBVeC4HS-xemvcPtQ,autor,@BelkisRodriguezRamirez,/@BelkisRodriguezRamirez,1,1.0,1.0,-1.0,,,,UCPNXmbOBVeC4HS-xemvcPtQ,2,1
autor::UCPZueDLrCS4BmTBRMA4q0fA,autor,@kevinochoa3695,/@kevinochoa3695,1,1.0,1.0,0.0,,,,UCPZueDLrCS4BmTBRMA4q0fA,1,1
autor::UCQIdKuZ-OzuFqy0KjGrgesg,autor,@lyacausa,/@lyacausa,1,1.0,1.0,0.0,,,,UCQIdKuZ-OzuFqy0KjGrgesg,5,1
autor::UCQM2tCKRRytVDRxNUfCDqQQ,autor,@elioelias7267,/@elioelias7267,1,1.0,1.0,0.0,,,,UCQM2tCKRRytVDRxNUfCDqQQ,9,1
autor::UCQMMuADgqWUOcJpLwHOzC-g,autor,@Ripped-Yoda,/@Ripped-Yoda,1,1.0,1.0,-1.0,,,,UCQMMuADgqWUOcJpLwHOzC-g,2,1
autor::UCQ_-LPP8JAbfkc-b1Q6NvWw,autor,@MegaKristenstewart,/@MegaKristenstewart,2,1.0,1.0,0.5,,,,UCQ_-LPP8JAbfkc-b1Q6NvWw,1,1
autor::UCQgYjVngJRfPHDLGB5X6ZjA,autor,@oscarnavas9996,/@oscarnavas9996,1,1.0,1.0,-1.0,,,,UCQgYjVngJRfPHDLGB5X6ZjA,1,1
autor::UCQqetiwzzmRNTM5OWuXarGQ,autor,@isaiaslopezvelasquez1539,/@isaiaslopezvelasquez1539,1,1.0,1.0,1.0,,,,UCQqetiwzzmRNTM5OWuXarGQ,1,1
autor::UCQqlPPUGqAfWjd-FSh_qn7Q,autor,@estuardoargueta137,/@estuardoargueta137,1,1.0,1.0,0.0,,,,UCQqlPPUGqAfWjd-FSh_qn7Q,1,1
autor::UCQtICyzWmhC5woCtbNgaSmg,autor,@nestormendez6216,/@nestormendez6216,2,1.0,1.0,0.0,,,,UCQtICyzWmhC5woCtbNgaSmg,1,1
autor::UCQtSFINs1h6GHkpg9o5kMvg,autor,@MacarioMartinezruiz,/@MacarioMartinezruiz,1,1.0,1.0,1.0,,,,UCQtSFINs1h6GHkpg9o5kMvg,1,1
autor::UCQyOePccUP-fIJYzchAgZYw,autor,@aguilar4254,/@aguilar4254,1,1.0,1.0,0.0,,,,UCQyOePccUP-fIJYzchAgZYw,1,1
autor::UCRAquv8el-tQ30bN7MlmySQ,autor,@iamjimalesssa,/@iamjimalesssa,1,1.0,1.0,0.0,,,,UCRAquv8el-tQ30bN7MlmySQ,1,1
autor::UCRETAiYdh2dL5ZxB0_N1zDA,autor,@Joseroland21,/@Joseroland21,1,1.0,1.0,1.0,,,,UCRETAiYdh2dL5ZxB0_N1zDA,1,1
autor::UCRcSR3Lvn9DZAmJpVPANfZQ,autor,@WalksandSuch,/@WalksandSuch,1,1.0,1.0,1.0,,,,UCRcSR3Lvn9DZAmJpVPANfZQ,3,1
autor::UCRelkU8JiZBytTzebJxaa-w,autor,@danyraymundo2942,/@danyraymundo2942,1,1.0,1.0,0.0,,,,UCRelkU8JiZBytTzebJxaa-w,1,1
autor::UCRfkkatKrNtAARnXMMYBGlA,autor,@BernerSoza-mg3vx,/@BernerSoza-mg3vx,1,1.0,1.0,-1.0,,,,UCRfkkatKrNtAARnXMMYBGlA,1,1
autor::UCRlCV9zSn7avAWh-9_XFWqQ,autor,@ronyarana8849,/@ronyarana8849,1,1.0,1.0,0.0,,,,UCRlCV9zSn7avAWh-9_XFWqQ,1,1
autor::UCRvPToDkkumha7WJAfCDk1A,autor,@ligiaguerra3057,/@ligiaguerra3057,1,1.0,1.0,0.0,,,,UCRvPToDkkumha7WJAfCDk1A,1,1
autor::UCRznz9-N3Qc1w-qNdLSIY2Q,autor,@jimmygomez724,/@jimmygomez724,1,1.0,1.0,1.0,,,,UCRznz9-N3Qc1w-qNdLSIY2Q,3,1
autor::UCSTAUWVc1_82DHYeqOsqEFA,autor,@TheAlexX_C,/@TheAlexX_C,1,1.0,1.0,1.0,,,,UCSTAUWVc1_82DHYeqOsqEFA,3,1
autor::UCSou6a2OuYGSvPjm5psquyA,autor,@FranciscoRivera-sf7ne,/@FranciscoRivera-sf7ne,1,1.0,1.0,0.0,,,,UCSou6a2OuYGSvPjm5psquyA,1,1
autor::UCTD6q1nyIe3Y7HhqjaMj72w,autor,@JuanChang-r6k,/@JuanChang-r6k,1,1.0,1.0,0.0,,,,UCTD6q1nyIe3Y7HhqjaMj72w,1,1
autor::UCTP3O0rMnc8z8v8jaDQwL0w,autor,@RobertoZelaya-x1v,/@RobertoZelaya-x1v,1,1.0,1.0,0.0,,,,UCTP3O0rMnc8z8v8jaDQwL0w,1,1
autor::UCTTILH6QCIxbTnEWxwRqs1g,autor,@3762Jorge,/@3762Jorge,1,1.0,1.0,0.0,,,,UCTTILH6QCIxbTnEWxwRqs1g,1,1
autor::UCThW2XNsAaBKme5PUt7n-Zg,autor,@thelmamoran8565,/@thelmamoran8565,1,1.0,1.0,0.0,,,,UCThW2XNsAaBKme5PUt7n-Zg,1,1
autor::UCTwSut16JyAg3mX6LVUNGqA,autor,@SuperVictor2005,/@SuperVictor2005,1,1.0,1.0,0.0,,,,UCTwSut16JyAg3mX6LVUNGqA,1,1
autor::UCTylKrsqkrBKIqubMu_5N0Q,autor,@edwingeovanymarroquinmarro6684,/@edwingeovanymarroquinmarro6684,1,1.0,1.0,0.0,,,,UCTylKrsqkrBKIqubMu_5N0Q,1,1
autor::UCUIIIPTVDVHAXqhC_5V6lPA,autor,@gorrarota,/@gorrarota,1,1.0,1.0,0.0,,,,UCUIIIPTVDVHAXqhC_5V6lPA,1,1
autor::UCUoYsrx1oZnCZ0usbBJn4fA,autor,@AnaDiaz-re9sq,/@AnaDiaz-re9sq,1,1.0,1.0,0.0,,,,UCUoYsrx1oZnCZ0usbBJn4fA,1,1
autor::UCV0iizTBoOfdAFX_thfI9BA,autor,@BenjaminLarios-jd8nk,/@BenjaminLarios-jd8nk,1,1.0,1.0,0.0,,,,UCV0iizTBoOfdAFX_thfI9BA,1,1
autor::UCV0lM03g5fg5pbPj97-sAtA,autor,@genarodelgado3929,/@genarodelgado3929,1,1.0,1.0,1.0,,,,UCV0lM03g5fg5pbPj97-sAtA,1,1
autor::UCV3fr-YOixFKCZBbJP1-X4w,autor,@albertoshernandez5251,/@albertoshernandez5251,5,1.0,1.0,0.8,,,,UCV3fr-YOixFKCZBbJP1-X4w,1,1
autor::UCVC2QugcI1G4RvlCiUqd1aQ,autor,@rwdm76,/@rwdm76,2,1.0,1.0,1.0,,,,UCVC2QugcI1G4RvlCiUqd1aQ,1,1
autor::UCVQf0tzL7xRzFJsABVVULpg,autor,@DennisseLopetegi,/@DennisseLopetegi,1,1.0,1.0,1.0,,,,UCVQf0tzL7xRzFJsABVVULpg,1,1
autor::UCVdjCrh4tQoX3haNAZv-n5A,autor,@aurahernandez5646,/@aurahernandez5646,1,1.0,1.0,0.0,,,,UCVdjCrh4tQoX3haNAZv-n5A,2,1
autor::UCVhif9eV0f8plICen2DnpKA,autor,@blogarteplus,/@blogarteplus,1,1.0,1.0,1.0,,,,UCVhif9eV0f8plICen2DnpKA,1,1
autor::UCW-JC6lebVmf2P1dmY_L94g,autor,@dinoraoroxon5771,/@dinoraoroxon5771,1,1.0,1.0,1.0,,,,UCW-JC6lebVmf2P1dmY_L94g,1,1
autor::UCW80DaMjQlEUibC98Cot-Dg,autor,@rogeraldana4289,/@rogeraldana4289,1,1.0,1.0,-1.0,,,,UCW80DaMjQlEUibC98Cot-Dg,1,1
autor::UCWIZUtKJ636y-4TYrNvok0g,autor,@cesarandreas7824,/@cesarandreas7824,1,1.0,1.0,0.0,,,,UCWIZUtKJ636y-4TYrNvok0g,1,1
autor::UCWWkebAekppaL5b5CNlppuw,autor,@ninettmartinez425,/@ninettmartinez425,1,1.0,1.0,0.0,,,,UCWWkebAekppaL5b5CNlppuw,5,1
autor::UCWaRixDdpgllTBf4V0jPnKQ,autor,@hectormaaz5523,/@hectormaaz5523,2,1.0,1.0,0.5,,,,UCWaRixDdpgllTBf4V0jPnKQ,1,1
autor::UCWoAVGVqCn4xtINCMOTM4jg,autor,@OmarMartinez-vv8re,/@OmarMartinez-vv8re,1,1.0,1.0,0.0,,,,UCWoAVGVqCn4xtINCMOTM4jg,1,1
autor::UCWvntqPQx99k_Z_skWKqNSA,autor,@AntonioChiyal-x5s,/@AntonioChiyal-x5s,1,1.0,1.0,0.0,,,,UCWvntqPQx99k_Z_skWKqNSA,1,1
autor::UCXN2s7DwTJm33xO-pNkAdaA,autor,@edithsan7688,/@edithsan7688,1,1.0,1.0,0.0,,,,UCXN2s7DwTJm33xO-pNkAdaA,1,1
autor::UCXO1BBohNWXkK9SBDAG2ySg,autor,@JBFlute92,/@JBFlute92,1,1.0,1.0,1.0,,,,UCXO1BBohNWXkK9SBDAG2ySg,1,1
autor::UCXSkL3ejZ8qWYyF_M7s_QKA,autor,@JacintaTzoy,/@JacintaTzoy,1,1.0,1.0,-1.0,,,,UCXSkL3ejZ8qWYyF_M7s_QKA,1,1
autor::UCXVLc8CmAO813ubM-fLvCDw,autor,@herminiasaquimux7565,/@herminiasaquimux7565,1,1.0,1.0,0.0,,,,UCXVLc8CmAO813ubM-fLvCDw,1,1
autor::UCXXh7yg5KUFIWylTiKVEFKQ,autor,@MrDuenderojo,/@MrDuenderojo,2,1.0,1.0,0.0,,,,UCXXh7yg5KUFIWylTiKVEFKQ,1,1
autor::UCXgr7vXlRrsaskPdo097kGA,autor,@Rogergh-nw4oj,/@Rogergh-nw4oj,1,1.0,1.0,0.0,,,,UCXgr7vXlRrsaskPdo097kGA,1,1
autor::UCXl30Y_upRqbti52fmjK4YA,autor,@capitanfrans,/@capitanfrans,1,1.0,1.0,0.0,,,,UCXl30Y_upRqbti52fmjK4YA,1,1
autor::UCXmrpc6Li0spcKxtS0Q_ptg,autor,@melvinperez6710,/@melvinperez6710,1,1.0,1.0,1.0,,,,UCXmrpc6Li0spcKxtS0Q_ptg,3,1
autor::UCXr8_5WtGeipe4haOoQDgyQ,autor,@amyherrera7352,/@amyherrera7352,1,1.0,1.0,0.0,,,,UCXr8_5WtGeipe4haOoQDgyQ,1,1
autor::UCY7Hq7F9Lnucf-Yr6JkHZNw,autor,@maynorcalel1442,/@maynorcalel1442,1,1.0,1.0,0.0,,,,UCY7Hq7F9Lnucf-Yr6JkHZNw,3,1
autor::UCYN4wSQ1Sx4_LurxLlW7MPg,autor,@belarminavillatoro6474,/@belarminavillatoro6474,1,1.0,1.0,0.0,,,,UCYN4wSQ1Sx4_LurxLlW7MPg,1,1
autor::UCYwpX26TrCxq8TvbKGRYLXA,autor,@beneficioelcaminovillacana8540,/@beneficioelcaminovillacana8540,1,1.0,1.0,0.0,,,,UCYwpX26TrCxq8TvbKGRYLXA,1,1
autor::UCZ51R_9Q9C0c8I3pAWhtmjQ,autor,@belvettzapeta1251,/@belvettzapeta1251,1,1.0,1.0,1.0,,,,UCZ51R_9Q9C0c8I3pAWhtmjQ,1,1
autor::UCZFQwqh90apuL8eFhvRBkUg,autor,@luisricardo9671,/@luisricardo9671,1,1.0,1.0,-1.0,,,,UCZFQwqh90apuL8eFhvRBkUg,1,1
autor::UCZIQnb1fkwe39Iw2TAu-bGA,autor,@jorgegomez2237,/@jorgegomez2237,1,1.0,1.0,0.0,,,,UCZIQnb1fkwe39Iw2TAu-bGA,1,1
autor::UCZLG9qH0tUjNhEGFIUt0CYw,autor,@SoniaMarroquin-y6e,/@SoniaMarroquin-y6e,1,1.0,1.0,0.0,,,,UCZLG9qH0tUjNhEGFIUt0CYw,1,1
autor::UCZOmq6MwFDVoCaEl99BRRaw,autor,@daniloarevalo3170,/@daniloarevalo3170,1,1.0,1.0,0.0,,,,UCZOmq6MwFDVoCaEl99BRRaw,1,1
autor::UCZeIIQrGAedW8tCbKWmGY-A,autor,@mariocordon8873,/@mariocordon8873,1,1.0,1.0,0.0,,,,UCZeIIQrGAedW8tCbKWmGY-A,1,1
autor::UCZjm6U576nX8WOiLhmMR3bw,autor,@MariaNavarroYT,/@MariaNavarroYT,1,1.0,1.0,0.0,,,,UCZjm6U576nX8WOiLhmMR3bw,2,1
autor::UC_3xuTXvMIWU5MYP9HkJ3vQ,autor,@Historia-wm4os,/@Historia-wm4os,1,1.0,1.0,1.0,,,,UC_3xuTXvMIWU5MYP9HkJ3vQ,1,1
autor::UC_6KbBY1bsYXz9fwFS0eQRg,autor,@imrcp5694,/@imrcp5694,1,1.0,1.0,0.0,,,,UC_6KbBY1bsYXz9fwFS0eQRg,1,1
autor::UC_LYoGs5C3mbZKZuKuqYCvw,autor,@javiercifuentesarchila6041,/@javiercifuentesarchila6041,1,1.0,1.0,0.0,,,,UC_LYoGs5C3mbZKZuKuqYCvw,1,1
autor::UC_NRVt2UP88ZNTwzrZ66JSg,autor,@aditalissethevasquezrojas8039,/@aditalissethevasquezrojas8039,1,1.0,1.0,0.0,,,,UC_NRVt2UP88ZNTwzrZ66JSg,10,1
autor::UC_ljZ1hZXR9pzexFz87P5ZA,autor,@ChRiStOpHeR7969,/@ChRiStOpHeR7969,1,1.0,1.0,0.0,,,,UC_ljZ1hZXR9pzexFz87P5ZA,3,1
autor::UCa36MjQLoPAmgJo-R3G8WQA,autor,@elsasalguero6914,/@elsasalguero6914,1,1.0,1.0,0.0,,,,UCa36MjQLoPAmgJo-R3G8WQA,1,1
autor::UCaKAjTW9MVub_clgr4DRYjQ,autor,@josecastillo4390,/@josecastillo4390,1,1.0,1.0,0.0,,,,UCaKAjTW9MVub_clgr4DRYjQ,1,1
autor::UCaT4saRcyqCLE657Rq2hhZQ,autor,@elmilenial4064,/@elmilenial4064,1,1.0,1.0,0.0,,,,UCaT4saRcyqCLE657Rq2hhZQ,1,1
autor::UCaT6M2zp7X6r6Whd8Vv3kHQ,autor,@alexarcos8349,/@alexarcos8349,1,1.0,1.0,0.0,,,,UCaT6M2zp7X6r6Whd8Vv3kHQ,3,1
autor::UCat2qkYvqmtDNEmo2PVuhXw,autor,@DoraSalas-j5o,/@DoraSalas-j5o,1,1.0,1.0,0.0,,,,UCat2qkYvqmtDNEmo2PVuhXw,2,1
autor::UCbNanjFI51cwGqMAb2rOrBw,autor,@RosaMontesdeOca777,/@RosaMontesdeOca777,1,1.0,1.0,1.0,,,,UCbNanjFI51cwGqMAb2rOrBw,2,1
autor::UCbYoNG5J3Au5BqtbXogfEFw,autor,@Luis-gn3fj,/@Luis-gn3fj,1,1.0,1.0,0.0,,,,UCbYoNG5J3Au5BqtbXogfEFw,1,1
autor::UCbrtvygfRT6QXqWDNrOf-cA,autor,@Alejandro00710,/@Alejandro00710,2,2.0,1.0,0.0,,,,UCbrtvygfRT6QXqWDNrOf-cA,1,2
autor::UCcFIBN-rtC3d3hXeuN5TfWw,autor,@DenisRMC,/@DenisRMC,1,1.0,1.0,1.0,,,,UCcFIBN-rtC3d3hXeuN5TfWw,1,1
autor::UCc_F88PzGWtA1OPNUEASulA,autor,@rockyscarlet,/@rockyscarlet,1,1.0,1.0,0.0,,,,UCc_F88PzGWtA1OPNUEASulA,1,1
autor::UCcfdg8crmMJwEuLUsAhV7yg,autor,@RolandoRaguay,/@RolandoRaguay,1,1.0,1.0,0.0,,,,UCcfdg8crmMJwEuLUsAhV7yg,1,1
autor::UCdFlugHJJa4l3YqWuNRmvXw,autor,@MarcosCarillo-b1r,/@MarcosCarillo-b1r,2,2.0,2.0,-0.5,,,,UCdFlugHJJa4l3YqWuNRmvXw,1,2
autor::UCdQAuWwyC99MB7Y02Umj26Q,autor,@miguelbran1268,/@miguelbran1268,1,1.0,1.0,1.0,,,,UCdQAuWwyC99MB7Y02Umj26Q,1,1
autor::UCe8JZoYkX5oKUZyivHYdXhw,autor,@FernandoGarcia-jg1fj,/@FernandoGarcia-jg1fj,1,1.0,1.0,0.0,,,,UCe8JZoYkX5oKUZyivHYdXhw,1,1
autor::UCeDNEtI8_a42bZ47wJiJMwQ,autor,@EdgarcalderonCalderong,/@EdgarcalderonCalderong,1,1.0,1.0,0.0,,,,UCeDNEtI8_a42bZ47wJiJMwQ,1,1
autor::UCeQk-WfEA-cJRq4EKeE7TOw,autor,@franciscojuarez9223,/@franciscojuarez9223,1,1.0,1.0,0.0,,,,UCeQk-WfEA-cJRq4EKeE7TOw,1,1
autor::UCefAH1MbvADWUjE9WVcB9EQ,autor,@jabriz8152,/@jabriz8152,1,1.0,1.0,0.0,,,,UCefAH1MbvADWUjE9WVcB9EQ,1,1
autor::UCf5lnNZF7Qrtli9v4N_23WQ,autor,@CarlosCortez-v5r,/@CarlosCortez-v5r,1,1.0,1.0,0.0,,,,UCf5lnNZF7Qrtli9v4N_23WQ,1,1
autor::UCfM3nrxtTQMY5jFx1v1J4Gg,autor,@edgarroldan5539,/@edgarroldan5539,1,1.0,1.0,0.0,,,,UCfM3nrxtTQMY5jFx1v1J4Gg,1,1
autor::UCfRqgt2O-vjzUDMZY_tnxQw,autor,@Williams-Garcia67E,/@Williams-Garcia67E,1,1.0,1.0,0.0,,,,UCfRqgt2O-vjzUDMZY_tnxQw,1,1
autor::UCfXykdbSU97rj987LDUGfvg,autor,@MariaSantos-c8y3h,/@MariaSantos-c8y3h,1,1.0,1.0,0.0,,,,UCfXykdbSU97rj987LDUGfvg,1,1
autor::UCfjhejO7LZy4doXURa7LZCQ,autor,@HonwayLee-z5g,/@HonwayLee-z5g,1,1.0,1.0,0.0,,,,UCfjhejO7LZy4doXURa7LZCQ,1,1
autor::UCfo_yUPzy1f1POwwZxhZ06Q,autor,@lara11roberto,/@lara11roberto,1,1.0,1.0,0.0,,,,UCfo_yUPzy1f1POwwZxhZ06Q,1,1
autor::UCg3eIfd7BrsLEqS0BLkftHA,autor,@ErmePérez-q4s,/@ErmeP%C3%A9rez-q4s,3,1.0,1.0,0.0,,,,UCg3eIfd7BrsLEqS0BLkftHA,1,1
autor::UCgGqw4aqMdMVSGkKiMgrJRQ,autor,@pattyfigueroa5609,/@pattyfigueroa5609,1,1.0,1.0,0.0,,,,UCgGqw4aqMdMVSGkKiMgrJRQ,1,1
autor::UCgJNFj5dnxXpcMvmuhZDPxA,autor,@NataliaRodriguez-rx5mr,/@NataliaRodriguez-rx5mr,1,1.0,1.0,1.0,,,,UCgJNFj5dnxXpcMvmuhZDPxA,1,1
autor::UCgLrWFdYitoP-b7-PxtUr-w,autor,@zetag,/@zetag,1,1.0,1.0,0.0,,,,UCgLrWFdYitoP-b7-PxtUr-w,3,1
autor::UCgLurCo-e019HGODcjXHWCw,autor,@perritojuega1,/@perritojuega1,1,1.0,1.0,1.0,,,,UCgLurCo-e019HGODcjXHWCw,3,1
autor::UCgQJgI9vu1FI2dnC9mrFthw,autor,@srms70,/@srms70,1,1.0,1.0,0.0,,,,UCgQJgI9vu1FI2dnC9mrFthw,1,1
autor::UCgQw_Sbq3ugruDUKsq1e0-A,autor,@marlenareano-h4t,/@marlenareano-h4t,1,1.0,1.0,0.0,,,,UCgQw_Sbq3ugruDUKsq1e0-A,1,1
autor::UCgvw7xIdGFupzpt1Y_BFkEA,autor,@fredygarcia9151,/@fredygarcia9151,1,1.0,1.0,1.0,,,,UCgvw7xIdGFupzpt1Y_BFkEA,1,1
autor::UCh5ESQvtzyHDhCA7XyekCFA,autor,@andyB5280,/@andyB5280,3,1.0,1.0,0.0,,,,UCh5ESQvtzyHDhCA7XyekCFA,1,1
autor::UChT7pzGytNd92Nmvi-zuWog,autor,@sparkvalkov,/@sparkvalkov,1,1.0,1.0,0.0,,,,UChT7pzGytNd92Nmvi-zuWog,1,1
autor::UChZknRmJkeGeQk0-mQuhDOg,autor,@OdilioRodríguez-c5w,/@OdilioRodr%C3%ADguez-c5w,1,1.0,1.0,0.0,,,,UChZknRmJkeGeQk0-mQuhDOg,1,1
autor::UCheEJ5GZuIvV0fj-nXyVwXw,autor,@rosaoliva9389,/@rosaoliva9389,1,1.0,1.0,0.0,,,,UCheEJ5GZuIvV0fj-nXyVwXw,1,1
autor::UChep9kVb5gQmpodEEl10Xlg,autor,@carlosaguilar-kz7ml,/@carlosaguilar-kz7ml,1,1.0,1.0,0.0,,,,UChep9kVb5gQmpodEEl10Xlg,1,1
autor::UChgkn5Jt5tWKYMoEOuCjz3Q,autor,@pablochitay46,/@pablochitay46,1,1.0,1.0,0.0,,,,UChgkn5Jt5tWKYMoEOuCjz3Q,1,1
autor::UChs3tU2BcKOT0CezykvAsGw,autor,@byronpontaza,/@byronpontaza,3,1.0,1.0,0.3333333333333333,,,,UChs3tU2BcKOT0CezykvAsGw,1,1
autor::UChyps3dqY-VY1_wLeq-2lhw,autor,@maydamorales4395,/@maydamorales4395,1,1.0,1.0,1.0,,,,UChyps3dqY-VY1_wLeq-2lhw,1,1
autor::UCi-vPdnpQreC7BkFs40mJGA,autor,@bryansicasales4280,/@bryansicasales4280,1,1.0,1.0,1.0,,,,UCi-vPdnpQreC7BkFs40mJGA,3,1
autor::UCi1b_TRQfgO1Z9O2gNGGWNA,autor,@davidisraelesquitsaquil,/@davidisraelesquitsaquil,2,1.0,1.0,0.3333333333333333,,,,UCi1b_TRQfgO1Z9O2gNGGWNA,1,1
autor::UCi2KiZq63sRq8Mfbcp-MelQ,autor,@eugeneramirez4405,/@eugeneramirez4405,6,1.0,1.0,0.0,,,,UCi2KiZq63sRq8Mfbcp-MelQ,2,1
autor::UCiC-Jn7wdgyQV4_Urk0DkWQ,autor,@pedroros6358,/@pedroros6358,1,1.0,1.0,0.0,,,,UCiC-Jn7wdgyQV4_Urk0DkWQ,1,1
autor::UCiGRBf2RNF0WRKhRVT7zFoA,autor,@edwinavila4876,/@edwinavila4876,1,1.0,1.0,0.0,,,,UCiGRBf2RNF0WRKhRVT7zFoA,1,1
autor::UCiMythXHsw7eQEMykCdmMUA,autor,@JavierBecerra-h6x,/@JavierBecerra-h6x,1,1.0,1.0,0.0,,,,UCiMythXHsw7eQEMykCdmMUA,1,1
autor::UCiOZX__1gahg1ypIj0_XG_w,autor,@mariogonzalezorellana8956,/@mariogonzalezorellana8956,1,1.0,1.0,0.0,,,,UCiOZX__1gahg1ypIj0_XG_w,1,1
autor::UCipetjeiWj4CZB6EbyYziZg,autor,@OseasSamayoa-ol5rz,/@OseasSamayoa-ol5rz,1,1.0,1.0,0.0,,,,UCipetjeiWj4CZB6EbyYziZg,1,1
autor::UCj-LL25XJnjxepPKCc3NGog,autor,@anaaguirre8985,/@anaaguirre8985,1,1.0,1.0,1.0,,,,UCj-LL25XJnjxepPKCc3NGog,1,1
autor::UCjJf-AJKRFFWtiN-CSwkDmA,autor,@2jose82,/@2jose82,1,1.0,1.0,0.0,,,,UCjJf-AJKRFFWtiN-CSwkDmA,1,1
autor::UCjSKM9j0Q7HLDr1hD6D-TUw,autor,@josehidalgo4875,/@josehidalgo4875,1,1.0,1.0,0.0,,,,UCjSKM9j0Q7HLDr1hD6D-TUw,1,1
autor::UCjZgFEowMBrsjodqfovzdKw,autor,@franciscoflores3120,/@franciscoflores3120,2,2.0,2.0,0.5,,,,UCjZgFEowMBrsjodqfovzdKw,1,2
autor::UCjmPuazZJzscrwvk0QR9RVw,autor,@mynorrodas8591,/@mynorrodas8591,1,1.0,1.0,1.0,,,,UCjmPuazZJzscrwvk0QR9RVw,1,1
autor::UCk4O-J1BhoqPmig1KLGJePA,autor,@lazarobarillas3575,/@lazarobarillas3575,1,1.0,1.0,0.0,,,,UCk4O-J1BhoqPmig1KLGJePA,1,1
autor::UCkVtmkK07b2zaVVNssX4lOg,autor,@HectorElias-u2l,/@HectorElias-u2l,1,1.0,1.0,0.0,,,,UCkVtmkK07b2zaVVNssX4lOg,1,1
autor::UCkbsS_3D-pvg1iHOld9uvIg,autor,@gonzalo6075,/@gonzalo6075,1,1.0,1.0,-1.0,,,,UCkbsS_3D-pvg1iHOld9uvIg,1,1
autor::UCkd9W714-947dEE6ZOEBATA,autor,@ARGELIATELON,/@ARGELIATELON,2,1.0,1.0,0.0,,,,UCkd9W714-947dEE6ZOEBATA,1,1
autor::UCkxdJ_yGN2gghOMo2ybQtXQ,autor,@11223344An,/@11223344An,1,1.0,1.0,0.0,,,,UCkxdJ_yGN2gghOMo2ybQtXQ,1,1
autor::UCl0ekS9Tt0jJGtOEM18S63w,autor,@monkchapin,/@monkchapin,1,1.0,1.0,0.0,,,,UCl0ekS9Tt0jJGtOEM18S63w,1,1
autor::UCld2stqxaVSk0QdGncM224A,autor,@sarahernandez3873,/@sarahernandez3873,1,1.0,1.0,1.0,,,,UCld2stqxaVSk0QdGncM224A,7,1
autor::UClhMWQ7XKWywYvbRnuf8QsA,autor,@EcPerez-zz9oh,/@EcPerez-zz9oh,1,1.0,1.0,0.0,,,,UClhMWQ7XKWywYvbRnuf8QsA,1,1
autor::UCljDbleJul41G1TzOjOZAVA,autor,@hectorcarranza3777,/@hectorcarranza3777,1,1.0,1.0,0.0,,,,UCljDbleJul41G1TzOjOZAVA,1,1
autor::UClqA491Xa5fQcXcJJa-vTWw,autor,@AndresLemus-k2d,/@AndresLemus-k2d,1,1.0,1.0,-1.0,,,,UClqA491Xa5fQcXcJJa-vTWw,1,1
autor::UClsrFGJKWPxxw7MiaEdKLXw,autor,@ericapaz5406,/@ericapaz5406,1,1.0,1.0,-1.0,,,,UClsrFGJKWPxxw7MiaEdKLXw,1,1
autor::UCmjppp6ujz3SAnULvP3sZMw,autor,@marcomendez7509,/@marcomendez7509,1,1.0,1.0,0.0,,,,UCmjppp6ujz3SAnULvP3sZMw,1,1
autor::UCmvOgzmmXbjUthHy-WJ52hQ,autor,@mariorodas593,/@mariorodas593,1,1.0,1.0,0.0,,,,UCmvOgzmmXbjUthHy-WJ52hQ,1,1
autor::UCnU8wO1OurAmGstDw6VGjgQ,autor,@cmorera21,/@cmorera21,1,1.0,1.0,0.5,,,,UCnU8wO1OurAmGstDw6VGjgQ,1,1
autor::UCoGdCoJg2Lh0OX_jv6cG16g,autor,@Israel-u5i7i,/@Israel-u5i7i,2,1.0,1.0,0.5,,,,UCoGdCoJg2Lh0OX_jv6cG16g,1,1
autor::UColMq7LmaoY3MT6aIDGrGvA,autor,@quijotachapina1,/@quijotachapina1,1,1.0,1.0,0.0,,,,UColMq7LmaoY3MT6aIDGrGvA,1,1
autor::UCozFYHN0e_-vlQbX3wQGOug,autor,@jesusguzman2321,/@jesusguzman2321,1,1.0,1.0,0.0,,,,UCozFYHN0e_-vlQbX3wQGOug,2,1
autor::UCp29O_C7cchZV8IxV7Crdag,autor,@robertoescobar5507,/@robertoescobar5507,2,1.0,1.0,0.5,,,,UCp29O_C7cchZV8IxV7Crdag,1,1
autor::UCp4iw5_5SmV9VGTFSNVGOmQ,autor,@CARLOSSTREMS51,/@CARLOSSTREMS51,1,1.0,1.0,0.0,,,,UCp4iw5_5SmV9VGTFSNVGOmQ,1,1
autor::UCpIdtvoFHVLGASGB5ySqIEA,autor,@VidalVillatoro-p4w,/@VidalVillatoro-p4w,1,1.0,1.0,0.0,,,,UCpIdtvoFHVLGASGB5ySqIEA,1,1
autor::UCp_dAUfv8i3LW3zWc24dLaQ,autor,@MarioCortez-o6v,/@MarioCortez-o6v,1,1.0,1.0,0.0,,,,UCp_dAUfv8i3LW3zWc24dLaQ,2,1
autor::UCpe5jW3MIqkgTJ-PgkzvM6Q,autor,@carloslam5333,/@carloslam5333,1,1.0,1.0,0.0,,,,UCpe5jW3MIqkgTJ-PgkzvM6Q,1,1
autor::UCpl8rF8uv_8uui-QRvuJaRA,autor,@SergioGarcia-z9c,/@SergioGarcia-z9c,1,1.0,1.0,0.0,,,,UCpl8rF8uv_8uui-QRvuJaRA,1,1
autor::UCplrIQtaPj6au60_f2-mOYw,autor,@romeolopezherrarte799,/@romeolopezherrarte799,1,1.0,1.0,0.0,,,,UCplrIQtaPj6au60_f2-mOYw,1,1
autor::UCpsKOkt5iWTbenzeuq7dsmQ,autor,@inge_vergueta,/@inge_vergueta,3,3.0,1.0,-0.3333333333333333,,,,UCpsKOkt5iWTbenzeuq7dsmQ,1,3
autor::UCq3mDTTRZnUybct5M9OSXbg,autor,@MacoMorales-i2i2d,/@MacoMorales-i2i2d,1,1.0,1.0,0.0,,,,UCq3mDTTRZnUybct5M9OSXbg,1,1
autor::UCqCrvuoJpC-aVb0f4logQRQ,autor,@Lyrics_GT,/@Lyrics_GT,1,1.0,1.0,1.0,,,,UCqCrvuoJpC-aVb0f4logQRQ,1,1
autor::UCqilIa8r7iek5sGYg_q6ofA,autor,@rolandojuchuna484,/@rolandojuchuna484,1,1.0,1.0,1.0,,,,UCqilIa8r7iek5sGYg_q6ofA,3,1
autor::UCql1n3Ey6ULMSOACjMe-fxQ,autor,@RolandoGonzalez-o7g,/@RolandoGonzalez-o7g,1,1.0,1.0,0.0,,,,UCql1n3Ey6ULMSOACjMe-fxQ,1,1
autor::UCr1emrogPKkKTs_WTtx71xg,autor,@domingopeneleu6457,/@domingopeneleu6457,1,1.0,1.0,0.0,,,,UCr1emrogPKkKTs_WTtx71xg,1,1
autor::UCrJn_rbo_ENAdeqneS-RmRw,autor,@josecarrera9623,/@josecarrera9623,2,1.0,1.0,0.5,,,,UCrJn_rbo_ENAdeqneS-RmRw,1,1
autor::UCrqXyRsg-_hTosURZ-uvoKg,autor,@flornolberto2425,/@flornolberto2425,1,1.0,1.0,0.0,,,,UCrqXyRsg-_hTosURZ-uvoKg,2,1
autor::UCsGoJEvb-cFPZ2rWoJcXzEQ,autor,@sergiohinestroza9709,/@sergiohinestroza9709,1,1.0,1.0,0.0,,,,UCsGoJEvb-cFPZ2rWoJcXzEQ,1,1
autor::UCsJJAvrVGupdmhOqgtDp8dg,autor,@nestorlorenzana1168,/@nestorlorenzana1168,1,1.0,1.0,0.0,,,,UCsJJAvrVGupdmhOqgtDp8dg,1,1
autor::UCsSXdJct-nsS8DsABoEsaYA,autor,@IvánPérez-j4j,/@Iv%C3%A1nP%C3%A9rez-j4j,1,1.0,1.0,0.0,,,,UCsSXdJct-nsS8DsABoEsaYA,1,1
autor::UCsUCN0Yq_UyTvKjOJLmNrnQ,autor,@moisesvaldez4043,/@moisesvaldez4043,2,2.0,2.0,0.5,,,,UCsUCN0Yq_UyTvKjOJLmNrnQ,1,2
autor::UCs_5qeqdku9tGAq22y3OcuQ,autor,@alexandrevasquez4135,/@alexandrevasquez4135,1,1.0,1.0,1.0,,,,UCs_5qeqdku9tGAq22y3OcuQ,3,1
autor::UCsjs5Hp_r86x1xbK6FAeqaA,autor,@alvaroesquivel563,/@alvaroesquivel563,1,1.0,1.0,0.0,,,,UCsjs5Hp_r86x1xbK6FAeqaA,1,1
autor::UCtCtts20bW6F9CSohau51Iw,autor,@carlosgranados9875,/@carlosgranados9875,2,1.0,1.0,0.0,,,,UCtCtts20bW6F9CSohau51Iw,1,1
autor::UCtMBF_1O2jY2INlb_luuB_A,autor,@mynorgudiel8646,/@mynorgudiel8646,1,1.0,1.0,1.0,,,,UCtMBF_1O2jY2INlb_luuB_A,3,1
autor::UCtNfIBnc5S5DbbQj_yxgJTw,autor,@JosueRamirez-ey3ih,/@JosueRamirez-ey3ih,1,1.0,1.0,0.0,,,,UCtNfIBnc5S5DbbQj_yxgJTw,1,1
autor::UCtNyHmRZtvGF2hSvI2dUBWw,autor,@aureliomaldonado4793,/@aureliomaldonado4793,2,1.0,1.0,0.0,,,,UCtNyHmRZtvGF2hSvI2dUBWw,1,1
autor::UCtUR3_CAiE7fCoZHM6cMfyQ,autor,@mdelcid01,/@mdelcid01,1,1.0,1.0,0.0,,,,UCtUR3_CAiE7fCoZHM6cMfyQ,1,1
autor::UCtiHFjFu7d5v2XxHnKFUYig,autor,@Paul-gf7ec,/@Paul-gf7ec,1,1.0,1.0,0.0,,,,UCtiHFjFu7d5v2XxHnKFUYig,2,1
autor::UCtowGNY2lnlg6O2CkwDgkLg,autor,@taniagabrielacelis8434,/@taniagabrielacelis8434,1,1.0,1.0,1.0,,,,UCtowGNY2lnlg6O2CkwDgkLg,7,1
autor::UCtsxPYw8VUsH_FfnKg-0lmw,autor,@AlejandroPérez-b6r,/@AlejandroP%C3%A9rez-b6r,1,1.0,1.0,0.0,,,,UCtsxPYw8VUsH_FfnKg-0lmw,1,1
autor::UCu8_3-Wg-YzNyvHYQDEscfw,autor,@RolandoCastroPérez-d7y,/@RolandoCastroP%C3%A9rez-d7y,1,1.0,1.0,0.0,,,,UCu8_3-Wg-YzNyvHYQDEscfw,1,1
autor::UCuP4UK33HKtJE_S39ksmaTw,autor,@herbertaguilar1387,/@herbertaguilar1387,1,1.0,1.0,-1.0,,,,UCuP4UK33HKtJE_S39ksmaTw,1,1
autor::UCuXmOjxC-htcprLgeVXz6Tg,autor,@jorgeaguilar-bq3uj,/@jorgeaguilar-bq3uj,1,1.0,1.0,1.0,,,,UCuXmOjxC-htcprLgeVXz6Tg,1,1
autor::UCueV9cTyTDwgQSec1x2dYgA,autor,@fredydomingo7062,/@fredydomingo7062,1,1.0,1.0,0.0,,,,UCueV9cTyTDwgQSec1x2dYgA,1,1
autor::UCujPF2nBgsTD62nWE3lcpIg,autor,@victorarturoruanobautista7588,/@victorarturoruanobautista7588,1,1.0,1.0,1.0,,,,UCujPF2nBgsTD62nWE3lcpIg,1,1
autor::UCusjriFsDHEc2AOjqk-p5ig,autor,@pablobarrios7931,/@pablobarrios7931,1,1.0,1.0,0.0,,,,UCusjriFsDHEc2AOjqk-p5ig,1,1
autor::UCut6b9S98nv84cVX89PmKzA,autor,@yeniferaguirre4498,/@yeniferaguirre4498,2,1.0,1.0,0.0,,,,UCut6b9S98nv84cVX89PmKzA,1,1
autor::UCvApqeCbLod-wejtT4CcVuA,autor,@davidgaher9550,/@davidgaher9550,1,1.0,1.0,-1.0,,,,UCvApqeCbLod-wejtT4CcVuA,1,1
autor::UCvDwJBBY1mHK70aTEYl6rsA,autor,@cristianescobedo8296,/@cristianescobedo8296,1,1.0,1.0,0.0,,,,UCvDwJBBY1mHK70aTEYl6rsA,1,1
autor::UCvcu1kR8xMYy_I1Ty-2mV2Q,autor,@hashojea7348,/@hashojea7348,4,3.0,1.0,0.75,,,,UCvcu1kR8xMYy_I1Ty-2mV2Q,1,3
autor::UCvl1tzQeBeGy6efPTRJXSCw,autor,@RaulPerez-cw2vi,/@RaulPerez-cw2vi,1,1.0,1.0,1.0,,,,UCvl1tzQeBeGy6efPTRJXSCw,1,1
autor::UCwCfs-2zbD5k0lG-UVg_JBw,autor,@JessicaHuaz-96,/@JessicaHuaz-96,1,1.0,1.0,1.0,,,,UCwCfs-2zbD5k0lG-UVg_JBw,1,1
autor::UCwEe1RKlEv1UpNWmWYfSh4w,autor,@marioramirez299,/@marioramirez299,1,1.0,1.0,-1.0,,,,UCwEe1RKlEv1UpNWmWYfSh4w,1,1
autor::UCwO2SXr0ggzwg6QWWrr01nQ,autor,@ricardofigueroa5720,/@ricardofigueroa5720,1,1.0,1.0,0.0,,,,UCwO2SXr0ggzwg6QWWrr01nQ,1,1
autor::UCwUAv3_LpWVtTIi7lkmTL7A,autor,@kingr4706,/@kingr4706,1,1.0,1.0,1.0,,,,UCwUAv3_LpWVtTIi7lkmTL7A,3,1
autor::UCwW2OFy95P7ZBkOPxWkpvYg,autor,@TeresaLucero-b5o,/@TeresaLucero-b5o,2,1.0,1.0,0.0,,,,UCwW2OFy95P7ZBkOPxWkpvYg,1,1
autor::UCwgCc9Jd_gG-uLE_SY-FfPg,autor,@armindapenados2841,/@armindapenados2841,1,1.0,1.0,0.0,,,,UCwgCc9Jd_gG-uLE_SY-FfPg,1,1
autor::UCwha8rxULYMVtNwZWeSkE1A,autor,@mariasamo8637,/@mariasamo8637,1,1.0,1.0,-1.0,,,,UCwha8rxULYMVtNwZWeSkE1A,1,1
autor::UCwjUvRseNtJoItylIyIez7Q,autor,@Silviazea,/@Silviazea,1,1.0,1.0,0.0,,,,UCwjUvRseNtJoItylIyIez7Q,1,1
autor::UCwxoKK59nGCeBqB2sXfDBIw,autor,@vic-bonivideos,/@vic-bonivideos,1,1.0,1.0,-1.0,,,,UCwxoKK59nGCeBqB2sXfDBIw,1,1
autor::UCxKR3RA8T-kxMgq_2WWhRcQ,autor,@elenaluarca9377,/@elenaluarca9377,1,1.0,1.0,1.0,,,,UCxKR3RA8T-kxMgq_2WWhRcQ,3,1
autor::UCxcoDvP-g2_KTZDmVZtvb3w,autor,@angelmartinez9523,/@angelmartinez9523,1,1.0,1.0,0.0,,,,UCxcoDvP-g2_KTZDmVZtvb3w,1,1
autor::UCxff05WuyvwELNITi7bj7UA,autor,@markoherrera,/@markoherrera,1,1.0,1.0,0.0,,,,UCxff05WuyvwELNITi7bj7UA,1,1
autor::UCxhtlxPV8AYWaNNyU6S9H8Q,autor,@WilR-s8r,/@WilR-s8r,1,1.0,1.0,1.0,,,,UCxhtlxPV8AYWaNNyU6S9H8Q,2,1
autor::UCyJhqmMbsvjpoarBBStA2kg,autor,@Murmullodelbarrio,/@Murmullodelbarrio,6,1.0,1.0,0.16666666666666666,,,,UCyJhqmMbsvjpoarBBStA2kg,1,1
autor::UCySYJU5kUh7X8gVt9la2ISA,autor,@dantesarti4351,/@dantesarti4351,1,1.0,1.0,0.0,,,,UCySYJU5kUh7X8gVt9la2ISA,1,1
autor::UCyW68EGZey4ao_Vf2cR5Ztg,autor,@ZabalaXabier,/@ZabalaXabier,1,1.0,1.0,-1.0,,,,UCyW68EGZey4ao_Vf2cR5Ztg,1,1
autor::UCylqlpsh8ENNM1LqgQ1KbxA,autor,@Jel.Awesh.M,/@Jel.Awesh.M,3,2.0,1.0,-0.3333333333333333,,,,UCylqlpsh8ENNM1LqgQ1KbxA,1,2
autor::UCyor0Mmm0ivLX2jIdyGp84Q,autor,@MiguelJordan-n3g,/@MiguelJordan-n3g,1,1.0,1.0,0.0,,,,UCyor0Mmm0ivLX2jIdyGp84Q,6,1
autor::UCyzf29IYjNw67gGIfsjgtxA,autor,@carlosoliva9249,/@carlosoliva9249,1,1.0,1.0,0.0,,,,UCyzf29IYjNw67gGIfsjgtxA,3,1
autor::UCz3gu01bmjNv0DpRq-K3XYg,autor,@eusebiovasquez4385,/@eusebiovasquez4385,2,1.0,1.0,-1.0,,,,UCz3gu01bmjNv0DpRq-K3XYg,1,1
autor::UCzSfZlOVxBSs5ObD25ywxDQ,autor,@GilmarMaldonado-q9m,/@GilmarMaldonado-q9m,1,1.0,1.0,0.0,,,,UCzSfZlOVxBSs5ObD25ywxDQ,1,1
autor::UCzZ6dDCEsLMXbc5pCFXIprw,autor,@josegil3813,/@josegil3813,2,2.0,1.0,0.0,,,,UCzZ6dDCEsLMXbc5pCFXIprw,1,2
autor::UCzoL2l5H5eVlorWGH8AZfAg,autor,@jor77cas,/@jor77cas,1,1.0,1.0,-1.0,,,,UCzoL2l5H5eVlorWGH8AZfAg,1,1
video::06mFNPU0aB8,video,Capturan a presuntos delincuentes disfrazados de mujer señalados de cometer asalto,/@Noti7Guatemala,14,,,0.14285714285714285,6692.0,13.0,News & Politics,06mFNPU0aB8,1,13
video::3Nfp9h5avBI,video,"Noticiero en Directo 1 pm, 28 de Agosto de 2026",/@GuatevisionNoticiero,2,,,-0.5,573.0,2.0,News & Politics,3Nfp9h5avBI,6,2
video::6W4u8sGEnGM,video,Inician los trabajos de recuperación del Puente Belice II.,/@GobiernodelaRepublicadeGuatema,45,,,0.2,11670.0,32.0,Entertainment,6W4u8sGEnGM,1,32
video::JkpVO1hx2f8,video,10 Preguntas a un año del Paro Nacional,/@quorumgt,3,,,0.0,673.0,3.0,News & Politics,JkpVO1hx2f8,5,3
video::OkXlHx0hx-8,video,EE.UU. envía a mexicanos deportados a Guatemala antes de su regreso a México | Noticias Telemundo,/@noticias,25,,,0.0,14200.0,18.0,News & Politics,OkXlHx0hx-8,2,18
video::PjmxCj-a9Hg,video,Conferencia de Prensa del Gobierno de Guatemala. #LaRondaGt,/@GobiernodelaRepublicadeGuatema,25,,,0.08,3628.0,19.0,Entertainment,PjmxCj-a9Hg,1,19
video::TT4qJ5FXHYE,video,"I’x K’at: el primer equipo guatemalteco de pelota maya, conformado únicamente por mujeres.",/@quorumgt,4,,,0.75,1075.0,4.0,News & Politics,TT4qJ5FXHYE,7,4
video::UhL9y3KUl8E,video,SHAI WA: la vecina queer de Casa Presidencial,/@quorumgt,1,,,0.0,1755.0,1.0,News & Politics,UhL9y3KUl8E,10,1
video::WIUZtitfLRw,video,Caminar en una ciudad hecha para carros,/@quorumgt,6,,,0.16666666666666666,422.0,6.0,News & Politics,WIUZtitfLRw,1,6
video::X_FAIef8qlE,video,Cruzando la ciudad a puro Transmetro,/@quorumgt,1,,,0.0,1140.0,1.0,News & Politics,X_FAIef8qlE,8,1
video::b_Hkrkl3adA,video,Bloqueos en Guatemala este 31 de agosto por alza en combustibles afectan rutas principales,/@PrensaLibreOficial,7,,,0.2857142857142857,5469.0,7.0,News & Politics,b_Hkrkl3adA,1,7
video::is3Mk5oC19g,video,Capturan a ladrón que había quedado grabado mientras robaba en una parroquia de Retalhuleu,/@TN23TodoNoticias,7,,,0.0,4616.0,7.0,News & Politics,is3Mk5oC19g,1,7
video::j43HgwYFKfk,video,La cooptación de Walter Mazariegos en la USAC,/@quorumgt,50,,,0.04,10156.0,49.0,News & Politics,j43HgwYFKfk,1,49
video::lj983NWyAQY,video,Plan 2032 Ciudad de Guatemala,/@MunicipalidaddeGuatemala-1551,25,,,0.52,304089.0,25.0,News & Politics,lj983NWyAQY,3,25
video::n8iP75gIpmw,video,Qué rico come tu diputado,/@quorumgt,161,,,0.02898550724637681,11775.0,128.0,News & Politics,n8iP75gIpmw,1,128
video::ndAZjHqzzT8,video,Internet: escoger el menos malo,/@quorumgt,12,,,0.425,717.0,10.0,News & Politics,ndAZjHqzzT8,1,10
video::s0eco-BofOs,video,¿Quiénes pagan más en Centroamérica?,/@quorumgt,1,,,0.0,220.0,1.0,News & Politics,s0eco-BofOs,4,1
video::yLZS3JiEBg8,video,Arroz con pollo a la MONOPOLIO,/@quorumgt,16,,,0.3125,1954.0,16.0,News & Politics,yLZS3JiEBg8,1,16
video::zweosulrwA8,video,Edén por Salud: empleo inclusivo para personas con discapacidad en Antigua | Super - Episodio 2,/@quorumgt,1,,,0.0,52.0,1.0,Nonprofits & Activism,zweosulrwA8,9,1
